symbol,first_month,delisted,days_listed,quote_vol_day0,pop_day0,range_day0,fwd_1,trunc_1,fwd_3,trunc_3,fwd_7,trunc_7,fwd_14,trunc_14,fwd_30,trunc_30,peak30,trough30,time_to_peak_d,vol_usd_7d_avg,vol_decay_7d,ann_vol_7d,up_days_share_30,last_date
TWTUSDT,2021-01,0,1000,307684578.14,1.5382803297997643,1.9446407538280328,-0.3011600928074245,0,-0.308584686774942,0,-0.14245939675174013,0,0.4812064965197216,0,0.2559164733178654,0,1.0185614849187936,-0.3317865429234339,23,94331052.78000002,0.1910142271086615,2.690461538958361,0.5517241379310345,2023-10-23
FIROUSDT,2021-01,1,1000,948647.076,-0.029014844804318374,0.52361673414305,-0.044243687746119975,0,-0.13690062543432946,0,0.08918230252490145,0,0.40259439425526966,0,0.20152883947185551,0,0.7259671067871205,-0.13690062543432946,15,328363.74728571426,0.23716216303395848,1.8355579537324946,0.4827586206896552,2023-10-25
CELOUSDT,2021-01,0,1000,17193301.34,0.6224811083123423,1.5944584382871536,-0.10653987968173873,0,-0.1088298078789054,0,-0.2404424607025033,0,-0.1613429070444401,0,0.1478362119153891,0,0.2187075490005823,-0.24385794682709094,17,3465882.6714285715,0.06851386692440765,1.0278714605671166,0.5172413793103449,2023-10-01
CKBUSDT,2021-01,0,1000,2152338304.0,-0.050427069645203715,0.4352825229960579,-0.11606988410309627,0,-0.09410136654558021,0,0.04566683964712004,0,0.41065559591766143,0,1.2855907282477084,0,0.9489707663034077,-0.11606988410309627,19,837099211.5714285,0.2870797285995179,1.2491217636969218,0.5172413793103449,2023-10-22
TRUUSDT,2021-01,1,1000,68277436.22,0.11557177615571779,0.5612327656123276,-0.01490367139222093,0,-0.13740458015267176,0,-0.1417666303162487,0,-0.04798255179934563,0,0.8782260996001454,0,1.0229007633587783,-0.2148309705561614,25,19163127.594285715,0.16077653318190158,1.498505166706681,0.5517241379310345,2023-10-15
BTCSTUSDT,2021-01,1,682,1808574.964,6.84375,124.0,0.47329083665338634,0,0.15745019920318715,0,0.01195219123505975,0,0.004478087649402385,0,1.5621513944223109,0,1.529545816733068,-0.0727490039840637,29,466444.06814285705,0.1342247848898123,4.005860314976975,0.5862068965517241,2022-11-28
RIFUSDT,2021-01,0,1000,43546164.28,0.03564049586776874,1.8445247933884297,-0.08029925187032416,0,-0.055361596009975034,0,0.16359102244389034,0,-0.20498753117206991,0,0.18254364089775565,0,0.16359102244389034,-0.24788029925187038,7,17671940.652857143,0.3067909715866559,2.947186442814084,0.5172413793103449,2023-10-03
DODOUSDT,2021-02,0,1000,45525167.602,1.2327833572453373,2.586800573888092,0.044658634538152775,0,-0.08755020080321285,0,-0.36032128514056216,0,-0.3725301204819277,0,-0.3714056224899598,0,0.09943775100401608,-0.44755020080321284,2,22322968.14557142,0.40540070196298483,1.7780583991681136,0.5172413793103449,2023-11-15
CAKEUSDT,2021-02,0,1000,10342605.312,0.9826178010471205,2.1413612565445024,-0.22504489278546536,0,-0.20634836801521084,0,-0.40408788422942865,0,-0.4140699271152425,0,-0.461656279708461,0,0.0,-0.5046477236717017,0,8129255.274000001,0.7503296671290398,2.6862656050125637,0.41379310344827586,2023-11-15
SFPUSDT,2021-02,0,1000,196034244.98,11.9,17.999999999999996,1.6850387596899221,0,1.0752713178294573,0,1.1240310077519382,0,0.9031007751937985,0,0.4489147286821704,0,1.6850387596899221,0.0,1,122972930.14285718,0.5651871913908226,12.617585147717866,0.5172413793103449,2023-11-04
LITUSDT,2021-02,1,1000,54944238.69,11.242,74.3056,0.7970593040352882,0,1.4571148505146216,0,1.4715569351413165,0,2.6792027446495665,0,1.7129553994445352,0,3.3798725698415293,0.0,11,29705505.59571429,0.464089605897859,6.105597627526798,0.5172413793103449,2023-10-31
ACMUSDT,2021-02,0,1000,7770303.642,1.7418461538461538,2.916923076923077,-0.2015486477387498,0,-0.3451913365503311,0,-0.30888789137021655,0,-0.2784760408483896,0,-0.3643249915834361,0,0.0,-0.4711592413870497,0,2299550.3947142856,0.17859767787351719,4.508331754060817,0.4827586206896552,2023-11-20
PERPUSDT,2021-03,1,1000,9479325.481,0.024840085287846314,0.8763326226012793,-0.11536461042338497,0,-0.20929990637678142,0,-0.29158431290960163,0,-0.0031207739519399924,0,-0.34182877353583685,0,0.0,-0.3708519712888796,0,2457549.122142858,0.13579585012809767,1.5437033503586035,0.4482758620689655,2023-12-13
SUPERUSDT,2021-03,0,1000,27044183.871,0.006642066420664339,0.4656826568265683,0.1411290322580645,0,0.22507331378299122,0,0.2052785923753664,0,0.013563049853372311,0,-0.4222873900293256,0,0.5421554252199412,-0.3588709677419355,5,16375662.25357143,0.539767640501313,2.2983745591935456,0.27586206896551724,2023-12-19
RAMPUSDT,2021-03,1,470,91544062.47,-0.13573529411764718,1.0661764705882353,-0.0786115364982134,0,-0.04934490386251489,0,0.24179002892632306,0,0.13782542113323126,0,-0.0927343882933469,0,0.6181725370086779,-0.0786115364982134,18,44779605.80571429,0.40401888114939805,2.2627492347971767,0.4482758620689655,2022-07-04
DEGOUSDT,2021-03,1,1000,8652462.142,0.46882758620689646,1.329379310344828,-0.06845713212508209,0,0.8527561273359003,0,0.9768053338341629,0,0.5371396375246502,0,0.73020940933421,0,1.4334679312611516,-0.06845713212508209,5,7429606.838285714,0.8351146185228808,5.885325110666201,0.3793103448275862,2023-12-04
OMUSDT,2021-03,1,1000,170165155.12,0.5383250532292405,1.0702625975869413,-0.07381776239907722,0,-0.12341407151095729,0,0.6648212226066899,0,0.05282583621683967,0,-0.055132641291810836,0,0.6978085351787773,-0.20046136101499423,6,50696239.31142857,0.18091102917999874,5.476563848665186,0.3448275862068966,2023-12-02
ALICEUSDT,2021-03,0,1000,70455052.26,206.403,599.0,-0.1774950217692126,0,-0.179659889201217,0,-0.4190055110099661,0,-0.23717111131468682,0,-0.41034604128194874,0,0.0,-0.4731223752790461,0,16045356.11714286,0.09902871693174252,2.236920398978969,0.3448275862068966,2023-12-09
BADGERUSDT,2021-03,1,1000,467120.04,0.029633204633204624,0.3262548262548264,0.01434330177181975,0,-0.09112215243273647,0,-0.06674791412768355,0,-0.16679478766288558,0,-0.133402081184963,0,0.01434330177181975,-0.35578888159745004,1,184666.7707142857,0.29455217942123263,1.1620171366851368,0.3103448275862069,2023-11-26
LINAUSDT,2021-03,1,1000,1674520233.32,1.4164705882352941,10.76470588235294,-0.17964946445959096,0,-0.17624148003894846,0,-0.4401168451801363,0,-0.3407984420642649,0,-0.4021421616358325,0,0.0,-0.4644595910418695,0,481564919.9385714,0.1688477862189968,1.6676082420739393,0.41379310344827586,2023-12-12
FISUSDT,2021-03,1,1000,6055813.959,-0.02125112241843763,0.3959892247829991,-0.10366972477064218,0,-0.15045871559633028,0,-0.10795107033639151,0,0.13394495412844032,0,0.11100917431192658,0,0.4070336391437308,-0.15045871559633028,16,2120373.071,0.2418281450269588,0.9887198506692062,0.4482758620689655,2023-11-27
CFXUSDT,2021-03,0,1000,34246175.077,0.06982156710628407,0.44375484871993803,-0.07106598984771584,0,-0.2581580855692531,0,-0.11385061638868743,0,-0.12835387962291522,0,-0.24220449601160265,0,0.0,-0.3828861493836113,0,14747082.195571428,0.33572313860305036,1.9468863972307215,0.3103448275862069,2023-12-23
PONDUSDT,2021-03,0,1000,207071840.83,0.03379224030037564,0.3285356695869838,-0.13680387409200978,0,-0.17615012106537542,0,0.001815980629539915,0,-0.030266343825665842,0,0.48062953995157387,0,0.5786924939467311,-0.17615012106537542,27,100813380.25857143,0.4013275609899353,2.399837560985114,0.4482758620689655,2023-12-03
TLMUSDT,2021-04,0,1000,934252520.34,6.268999999999999,58.5,-0.19796395652772047,0,-0.47324253680010997,0,-0.5841243637364149,0,-0.5343238409684963,0,-0.48466088870546153,0,0.038519741367450955,-0.6900536524969046,19,345763784.8771429,0.2651128293199876,1.6937172979221566,0.3793103448275862,2024-01-07
MIRUSDT,2021-04,1,618,7401645.249,0.2382762991128009,0.8441064638783271,-0.0806550665301945,0,-0.04421699078812691,0,0.025588536335721557,0,0.03971340839303994,0,-0.35997952917093134,0,0.15762538382804503,-0.24073694984646876,15,2278482.030714286,0.19247362530996834,1.2774520966825011,0.41379310344827586,2022-12-27
BURGERUSDT,2021-04,1,1000,4695343.9,0.17915690866510547,0.7939110070257613,0.22542204568023827,0,0.853028798411122,0,0.47666335650446867,0,0.3286991062562066,0,-0.3753723932472691,0,1.0575968222442897,-0.5541211519364448,2,8459775.014285715,1.935359878538396,5.552694623537711,0.41379310344827586,2024-01-24
TKOUSDT,2021-04,0,1000,328396782.49,28.857,99.0,-0.20028803965569209,0,-0.21301537327929798,0,-0.3130924071407041,0,-0.19322102019626897,0,0.1783501356465822,0,0.4960645744716483,-0.41682017617309175,25,76170822.62714286,0.10393878524385172,1.575988273601677,0.4827586206896552,2024-01-01
BAKEUSDT,2021-04,1,1000,7159400.1,-0.056054057611724106,0.37032974265593116,0.5212894528889509,0,0.5871798447450378,0,0.4555385115976387,0,0.3298703109747594,0,-0.05364198391670161,0,0.891786361734765,-0.4526565332589597,2,34391308.028571434,5.437600749537661,4.570144745546628,0.4827586206896552,2024-01-24
EPSUSDT,2021-04,1,403,18053501.632,0.539537983118614,3.997778764993337,-0.1797720386668591,0,-0.2910113980666571,0,-0.3689222334439476,0,-0.5808685615351321,0,-0.5533112105035348,0,0.0,-0.7773770018756312,0,7528235.54342857,0.3198285100787403,2.9280864234689243,0.3448275862068966,2022-05-09
FORTHUSDT,2021-04,1,1000,1850819.116,0.2713320191495354,0.7194874683187835,-0.15667294274005983,0,-0.20372134234134465,0,-0.031188392956030597,0,-0.19995569830546023,0,-0.6463174216413778,0,0.0,-0.5779156052719017,0,766635.2390000001,0.31658303131912685,2.364270263408715,0.4482758620689655,2024-01-17
1INCHUPUSDT,2021-04,1,232,325746.6,0.02300000000000013,0.192,-0.1300097751710655,0,-0.30107526881720426,0,-0.5718475073313783,0,-0.4750733137829912,0,-0.6715542521994136,0,0.05474095796676437,-0.7390029325513197,2,656513.7000000001,2.184647667849795,3.5206066087403087,0.4827586206896552,2021-12-02
PUNDIXUSDT,2021-04,0,1000,33814111.154,-0.21351351351351355,0.6398293029871978,-0.1365527220112136,0,-0.1548200397901971,0,-0.30638451799602096,0,-0.5192620727075421,0,-0.4503526858383071,0,0.0,-0.5619461023693253,0,16938490.063571427,0.41775123066717046,1.3567322798134176,0.4827586206896552,2024-01-03
SLPUSDT,2021-04,0,1000,1718434562.0,0.9202127659574468,2.1648936170212765,0.6795937211449679,0,0.3716528162511541,0,0.050784856879039664,0,-0.06694367497691589,0,-0.3674976915974145,0,0.6795937211449679,-0.6228070175438596,1,922747423.8571428,0.4597980733777475,5.495788466511272,0.41379310344827586,2024-01-24
AUTOUSDT,2021-04,1,747,6582.84052,-0.08774037029831139,0.8661847679778916,-0.17958594754813306,0,-0.16646318772075286,0,-0.14038306271721646,0,-0.24214647437362213,0,-0.2178334606436898,0,0.0,-0.5408122183122346,0,1885.924431,0.16757280986557052,2.193846275473771,0.4482758620689655,2023-04-18
1INCHDOWNUSDT,2021-04,1,232,48437.64,-0.07499999999999996,0.23000000000000007,0.13189189189189188,0,-0.07243243243243247,0,0.047567567567567526,0,-0.44756756756756755,0,-0.6194594594594595,0,0.4151351351351351,-0.8075675675675675,9,137652.74714285714,3.148830778433191,3.3155904203227906,0.4482758620689655,2021-12-02
BARUSDT,2021-04,0,1000,3806176.206,0.22775595705682128,0.9324430479183032,-0.19250127964511166,0,-0.2076010919638286,0,-0.09558948984814875,0,-0.1991127793891827,0,-0.5126898140249104,0,0.0,-0.5725345504180175,0,1009730.0942857143,0.14283514816689843,1.8124239743391721,0.41379310344827586,2024-01-15
BTGUSDT,2021-04,1,557,90829.397,-0.03135864978902947,0.31600843881856544,-0.06987036520769452,0,-0.24314364371340957,0,-0.27080429328129363,0,-0.18398034569277955,0,-0.17732436576526345,0,0.22924797881237802,-0.3625679537217731,20,50946.1922857143,0.48771645483895487,2.127014175755497,0.5172413793103449,2022-10-24
MDXUSDT,2021-05,1,1000,19029012.03,0.2736606309501586,0.6053761433638231,-0.04450632664028531,0,0.002491572622013827,0,0.08358981875030547,0,0.015437979383458034,0,-0.1842298109336069,0,0.20689823635741855,-0.22091943915188816,8,8948215.48,0.3819474552965883,0.8660751353527011,0.3448275862068966,2024-02-17
LPTUSDT,2021-05,0,1000,308874.95,-0.12877328195247273,0.25594091201027624,-0.14522668632510127,0,-0.11389605602653885,0,0.033910799852561846,0,-0.037596756358274974,0,-0.2572797640987836,0,0.13896056026538894,-0.31551787688905264,6,203348.04,0.601409151718735,1.8294189149666282,0.41379310344827586,2024-02-21
SHIBUSDT,2021-05,0,1000,95302311917668.0,1.4546742209631724,2.5410764872521248,-0.12233121754183485,0,-0.3935372186959031,0,-0.5236583958453549,0,-0.6927293710328909,0,-0.7870744373918062,0,0.0,-0.7937103289094056,0,69181286612842.14,0.6802330509188078,3.658844377645022,0.3448275862068966,2024-02-03
ICPUSDT,2021-05,0,1000,1773623.0,0.46024550706033374,10.356787548138639,-0.2911733194143018,0,-0.16450097524793272,0,-0.5509189307986044,0,-0.6317683580121425,0,-0.8171204087799786,0,0.0,-0.7766270157413258,0,844376.217142857,0.38875327695532436,2.8547873445455925,0.3793103448275862,2024-02-04
MASKUSDT,2021-05,0,1000,1981446.44,-0.012934220251293427,0.41980783444198083,0.002121552477224453,0,-0.10121053288406334,0,-0.1648571072007987,0,-0.38662173967303126,0,-0.5427430425558467,0,0.002121552477224453,-0.5464869586921253,1,568194.7557142858,0.16788382548121428,0.5484155415163695,0.3793103448275862,2024-02-18
POLSUSDT,2021-05,1,1000,9381448.32,-0.3250466128029832,0.8225605966438783,0.14226519337016552,0,-0.13075506445672203,0,-0.050644567219153,0,-0.1372007366482505,0,-0.43600368324125227,0,0.14226519337016552,-0.41482504604051573,1,3160532.487142857,0.226373701503977,3.22348000627395,0.41379310344827586,2024-02-12
ARUSDT,2021-05,0,1000,2048140.68,0.07476085356880069,1.8623988226637231,-0.08866219361906069,0,-0.22367520197179236,0,-0.47364096946460366,0,-0.5001369300287553,0,-0.4590579214021635,0,0.0,-0.563535533342462,0,683844.7614285714,0.22286657981586175,2.4693174525086676,0.3793103448275862,2024-02-07
TORNUSDT,2021-06,1,565,393305.91,-0.14452635971623318,0.38072054527750726,-0.12227642276422768,0,-0.07756097560975617,0,-0.24,0,-0.3661788617886179,0,-0.43203252032520323,0,0.0,-0.4463414634146342,0,91765.80714285714,0.10553902770831318,1.1740848703592077,0.41379310344827586,2022-12-27
GTCUSDT,2021-06,0,1000,7044984.5,0.3928571428571428,1.5210084033613447,-0.09728506787330315,0,-0.2096530920060331,0,-0.3642533936651584,0,-0.5701357466063348,0,-0.524132730015083,0,0.0,-0.6040723981900453,0,3736768.211428571,0.45215129004187316,1.1048848673542788,0.3103448275862069,2024-03-05
XVGUSDT,2021-06,0,1000,886857833.0,0.24073380756271057,1.995132909022838,-0.17893783946891972,0,-0.07211828605914317,0,-0.09474954737477381,0,-0.16988533494266755,0,-0.3105009052504527,0,0.0,-0.3895594447797224,0,452574138.71428573,0.42869725998123986,2.2565346109342648,0.4482758620689655,2024-03-01
ERNUSDT,2021-06,1,1000,2219423.5,-0.20523088474533846,0.5381053685396072,0.1020311761927255,0,-0.054951976066761166,0,-0.006140765233821344,0,-0.07857030388915132,0,0.07400409384348916,0,0.519445756573768,-0.13714375688867886,23,547527.0428571429,0.12114751120429847,1.5863384635247049,0.4482758620689655,2024-03-17
PHAUSDT,2021-06,0,1000,3720369.0,0.04210356509114366,0.1937409259557993,0.0027863777089782715,0,0.05619195046439618,0,0.34164086687306505,0,0.22352941176470575,0,0.03637770897832815,0,0.42925696594427243,-0.03219814241486074,18,4741608.0,1.3202492817244742,1.4202716184182178,0.4827586206896552,2024-03-20
NUUSDT,2021-06,1,258,330331127.0,0.3089547941261157,1.3034840195796142,-0.16300043994720637,0,-0.29982402111746587,0,-0.39859216893972726,0,-0.3565772107347118,0,-0.46106467223933134,0,0.0,-0.5340959084909811,0,76801777.42857143,0.10458259306981184,1.8451679030828687,0.3448275862068966,2022-02-16
KLAYUSDT,2021-06,1,1000,34224060.0,0.13182527301092062,0.5110318698462226,-0.08339076498966225,0,-0.022053756030324,0,-0.040563158412917244,0,-0.0740376095303732,0,-0.026484198089987254,0,0.014177414590922588,-0.13458698434577143,5,8316575.142857143,0.11683771592265792,0.9237576106786031,0.5862068965517241,2024-03-19
ATAUSDT,2021-06,1,1000,356778504.0,35.53273737617781,107.72191350567769,-0.3258271663723721,0,-0.5098638308566289,0,-0.37565224292204824,0,-0.6611775754088711,0,-0.6887486855941114,0,0.0,-0.7044025157232705,0,119527351.28571428,0.2241880931817574,5.8415514077218,0.27586206896551724,2024-03-02
KEEPUSDT,2021-06,1,245,182105829.0,0.16412922391385076,1.0051986632008914,-0.16443381180223282,0,-0.33732057416267947,0,-0.5687400318979267,0,-0.59792663476874,0,-0.582615629984051,0,0.0,-0.6127591706539075,0,55079447.428571425,0.1862015291851714,2.193778776781158,0.3448275862068966,2022-02-16
QNTUSDT,2021-07,0,1000,564263.578,0.3356573705179282,0.5607569721115536,-0.03206562266964941,0,0.3072334079045489,0,0.29082774049217,0,0.12527964205816566,0,0.44966442953020147,0,0.534675615212528,-0.03206562266964941,26,231708.9012857143,0.31241272466700537,2.4530635119355932,0.4482758620689655,2024-04-23
BONDUSDT,2021-07,1,1000,269443.75,-0.08537886872998923,0.23025613660619004,-0.014294049008168108,0,-0.11464410735122521,0,-0.17561260210035,0,-0.411610268378063,0,-0.367561260210035,0,0.0,-0.4212368728121354,0,78629.68999999999,0.17379266235222252,0.7225548433121821,0.3793103448275862,2024-03-30
FLOWUSDT,2021-07,0,1000,4483043.91,0.30529765155652644,0.9448388858547243,0.019246861924686165,0,-0.07322175732217573,0,-0.06192468619246849,0,-0.009623430962342971,0,0.15523012552301263,0,0.019246861924686165,-0.1280334728033472,1,1661121.0085714285,0.26562321246592474,1.3283934751341002,0.5517241379310345,2024-04-24
DEXEUSDT,2021-07,0,1000,2992969.4,0.8061507436349886,7.318628686664987,1.7235170969993021,0,0.8619678995115141,0,0.7586880669923239,0,0.5371946964410328,0,0.6368457780879273,0,1.7235170969993021,0.0,1,4782498.757142858,1.6975628451129503,13.082825114484287,0.3448275862068966,2024-04-17
CLVUSDT,2021-07,1,1000,67884006.8,0.06038047973531846,1.0554177005789906,-0.058502340093603666,0,-0.13260530421216843,0,-0.17550702028081133,0,0.20358814352574095,0,0.3408736349453978,0,0.4797191887675507,-0.20748829953198134,18,17888364.057142857,0.14076595333399405,1.2858399041895778,0.4482758620689655,2024-04-23
MLNUSDT,2021-07,1,1000,545392.13,0.2227442476810022,1.0428863992290085,-0.004137931034482789,0,-0.1801970443349754,0,-0.15684729064039415,0,-0.3288669950738916,0,-0.006600985221674849,0,0.049064039408867055,-0.3648275862068966,28,137232.16142857145,0.12689126995653568,1.2493633808280278,0.4482758620689655,2024-03-30
C98USDT,2021-07,0,1000,290047409.0,8.883437209919109,38.78252221190823,1.69686439199796,0,0.735734124055762,0,0.6658839945794368,0,0.48931317170036626,0,3.2014463780172004,0,2.6932685728086296,0.0,29,204193887.42857143,0.6546687240590612,13.003767176346052,0.4827586206896552,2024-04-17
QUICKUSDT,2021-08,0,1000,19767.989,0.20319598934670235,0.3316622277925741,-0.00390625,0,-0.14075520833333333,0,-0.033203125,0,-0.18776041666666676,0,-0.42252604166666663,0,0.0,-0.4403645833333333,0,9693.968285714287,0.40545170443656825,1.4165692846088238,0.27586206896551724,2024-05-11
WAXPUSDT,2021-08,0,1000,491461211.0,1.1306695464362853,2.3045356371490278,-0.16421692853522563,0,-0.054738976178408505,0,-0.13405980739989865,0,-0.09908768373035992,0,-0.420932589964521,0,0.0,-0.49341104916371015,0,226854490.2857143,0.3718571599878849,1.5514418618108026,0.4827586206896552,2024-05-18
TVKUSDT,2021-08,1,844,208985380.0,0.4984283789851818,1.469690166142793,-0.11117770452502251,0,-0.06802517231045846,0,-0.06143242433323348,0,-0.16362001798022174,0,-0.011986814504045595,0,0.10818100089901117,-0.1807012286484867,17,82193262.14285715,0.29217949360859596,1.518511856404052,0.4482758620689655,2023-11-27
FORUSDT,2021-08,1,1000,427469593.0,0.6134425681324194,1.3340578498578832,-0.09678756476683936,0,-0.19067357512953365,0,-0.14818652849740943,0,-0.1712953367875648,0,-0.02849740932642486,0,0.13440414507772025,-0.38259067357512955,28,333022983.0,0.7422326325169363,1.4974515542833475,0.41379310344827586,2024-05-15
GHSTUSDT,2021-08,1,1000,4124045.5,0.0847628657921291,0.2108980827447023,-0.025116279069767322,0,-0.026511627906976698,0,-0.04325581395348832,0,-0.14372093023255816,0,-0.22093023255813948,0,0.0,-0.207906976744186,0,2170004.3428571424,0.4472139836155218,0.4647499589729849,0.3103448275862069,2024-05-15
TRIBEUSDT,2021-08,1,462,135045413.0,0.27059513339196717,0.6124303723248314,-0.020535302261190602,0,-0.002191970466082105,0,-0.09367789570835261,0,-0.23188740193816348,0,-0.2823027226580527,0,0.014882325796031326,-0.3014536225196124,2,44957087.28571428,0.22172072096468268,0.5918780441474689,0.3103448275862069,2022-11-28
GNOUSDT,2021-08,0,1000,125066.394,0.047812817904374416,0.4174296371651408,-0.0867313915857606,0,-0.00517799352750814,0,0.01650485436893212,0,-0.11326860841423947,0,-0.23915857605177993,0,0.01650485436893212,-0.24595469255663427,7,34294.67457142858,0.15324703986161675,0.8826269120604119,0.5172413793103449,2024-05-25
ALPACAUSDT,2021-08,1,1000,42371527.2,0.30142545000520227,0.7167828529809593,-0.09865685960984971,0,-0.12999680204669006,0,0.11136872401662945,0,0.09689798528941496,0,-0.25679565078349853,0,0.15358170770706758,-0.2102654301247201,9,24955122.228571434,0.5204529910516575,1.9441401715457136,0.4827586206896552,2024-05-06
RAYUSDT,2021-08,0,1000,5263239.3,0.08777835318487814,0.4241325737959606,-0.0004760771244941564,0,0.21185432039990504,0,0.6384194239466796,0,0.6610330873601524,0,2.5189240656986436,0,2.0542727921923354,-0.0004760771244941564,27,3267242.942857143,0.5575609840375932,1.3031277389177318,0.6551724137931034,2024-05-05
REQUSDT,2021-08,0,1000,80120759.0,0.31801470588235303,1.016544117647059,-0.025801952580195353,0,-0.07252440725244069,0,-0.1335425383542539,0,-0.20536959553695955,0,-0.27022315202231517,0,0.0,-0.2880055788005579,0,25644319.42857143,0.2067493248951041,1.0823056592359497,0.3448275862068966,2024-05-15
MINAUSDT,2021-08,0,1000,31548357.6,0.3047158403869408,0.5638855300282145,-0.10101946246524562,0,-0.027803521779425466,0,-0.012048192771084376,0,-0.10503552672227379,0,0.7815878900216251,0,0.3120172999691071,-0.16465863453815255,26,9645330.07142857,0.19002020832087096,1.4562970088135057,0.4482758620689655,2024-05-05
MBOXUSDT,2021-08,1,1000,99140974.8,1.373793803961402,1.9812087353986794,-0.07038938810440754,0,-0.06931964056482687,0,1.0500641848523746,0,0.6071887034659817,0,0.3072314933675653,0,1.0924261874197687,-0.17586649550706046,8,31255354.885714285,0.20113868095636278,6.382464917594029,0.41379310344827586,2024-05-14
FARMUSDT,2021-08,1,1000,353101.046,0.48216106014271176,3.8848114169215093,0.0006877579092159358,0,-0.059834938101788304,0,-0.11313617606602488,0,-0.20598349381017877,0,-0.3383768913342503,0,0.042297111416781386,-0.29264099037138935,17,81129.00542857141,0.1013883487617876,0.7974031777332842,0.3103448275862069,2024-05-06
USDPUSDT,2021-09,0,1000,24419760.26,0.0,1.0007000000000001,9.999999999998899e-05,0,-0.0004999999999999449,0,0.0,0,-0.0004999999999999449,0,-0.00019999999999997797,0,0.0005999999999999339,-0.0009000000000000119,11,5773805.871428572,0.10917989277044059,0.005837812791796604,0.4482758620689655,2024-11-17
VIDTUSDT,2021-09,1,1000,9014951.2,-0.13266735132107166,0.43880123237792934,-0.12325080731969862,0,0.12508073196985992,0,-0.004413347685683577,0,-0.08848223896663088,0,-0.06663078579117332,0,0.12508073196985992,-0.2593110871905274,3,17712544.85714286,2.1255959544184777,2.594572712166942,0.41379310344827586,2024-06-12
ILVUSDT,2021-09,0,1000,118077.31,0.317490952955368,0.4451145958986731,0.0606116095953122,0,-0.052920710492583733,0,-0.13935176707562724,0,0.23841787218458155,0,0.44515656473173415,0,0.46291887932613074,-0.15216993224684128,28,38686.238142857146,0.21557395602367072,1.1720113587209586,0.5862068965517241,2024-06-17
POLYUSDT,2021-09,1,397,6605837.6,0.0248859394442138,0.15360154845845425,-0.10481586402266285,0,-0.13381896668015647,0,-0.07837582625118023,0,-0.11398893835154444,0,0.06394172399838127,0,0.23566707136112242,-0.30446512882773513,25,17934349.14285714,3.000745037994879,2.259344281205236,0.41379310344827586,2022-10-10
SYSUSDT,2021-09,1,1000,20745486.0,0.09290953545232283,0.1536849458609851,-0.04729945669543001,0,-0.05784595717481622,0,-0.021732182806008415,0,-0.060402684563758524,0,0.16299137104506234,0,0.5001597954618089,-0.1355065516139341,23,10698806.285714285,0.4350035312099541,1.1298053915593451,0.4827586206896552,2024-06-19
IDEXUSDT,2021-09,1,1000,57336267.6,-0.05397355390715408,2.3334218664035973,-0.197990614847792,0,0.12629847992620236,0,-0.010087033249107535,0,-0.296915734167569,0,-0.39148919103196567,0,0.37899570849877673,-0.4739100790117514,2,162682870.12857145,3.1435711594290567,6.119412554362656,0.27586206896551724,2024-06-04
DFUSDT,2021-09,1,1000,146162460.0,0.4110772357723578,0.513211382113821,-0.11163125675189056,0,-0.19553474972992446,0,-0.204537270435722,0,-0.2707958228303925,0,-0.26539431040691397,0,0.0,-0.2913215700396111,0,81867637.14285715,0.48679964289964284,1.2976800722851285,0.5172413793103449,2024-06-19
YGGUSDT,2021-09,0,1000,15307717.5,0.15424922220402815,0.411822498771901,-0.17903248687757134,0,-0.25833451553411835,0,0.12668463611859826,0,0.04624769470846912,0,-0.122854305575259,0,0.13136615122712425,-0.27379770180167406,12,6677341.628571427,0.3422421174156107,2.8730513180745776,0.3448275862068966,2024-06-19
DYDXUSDT,2021-09,0,1000,38446040.96,3.323666666666667,4.478333333333333,-0.19628401819443364,0,-0.12859455708889056,0,0.18626166062755378,0,0.08542132449310014,0,0.6831393107701798,0,1.062369902089276,-0.1982113946496029,20,14572644.542857144,0.27554840174627954,3.1380769221832128,0.5517241379310345,2024-06-04
GALAUSDT,2021-09,0,1000,5474434186.0,1.2448882548739895,2.711364717070851,-0.0703240838805339,0,1.1211607710230882,0,0.9127303537386147,0,0.7837322601143824,0,0.7930523194238508,0,1.4719339123067146,-0.0703240838805339,4,5011112523.428572,0.9012606743818352,7.225996361555742,0.41379310344827586,2024-06-08
ELFUSDT,2021-09,1,1000,16992240.7,0.04148053605615831,0.09712827058072744,0.09779411764705892,0,-0.015563725490196023,0,-0.07732843137254897,0,0.027450980392156987,0,-0.1305147058823528,0,0.22634803921568625,-0.30833333333333324,9,8051381.371428572,0.3861314270342228,1.3802372469674995,0.41379310344827586,2024-06-03
FIDAUSDT,2021-09,0,1000,7056638.9,0.06719717064544639,0.260654288240495,0.09544324772162383,0,0.17895608947804464,0,0.06793703396851702,0,0.045236122618061314,0,0.3055509527754763,0,0.3996685998342997,0.0,25,1825201.9428571428,0.1350920454968063,0.9564952633853359,0.5172413793103449,2024-06-25
XECUSDT,2021-09,0,1000,955808573280.0,0.40246504943164507,0.7062845694873917,0.026085336314514596,0,-0.09803738898205083,0,-0.27044904043227136,0,-0.28877088379603755,0,-0.24545059313086148,0,0.026085336314514596,-0.3815601515433824,1,562951483563.0,0.5204758733606449,1.2918802427097038,0.4827586206896552,2024-05-29
RADUSDT,2021-10,0,1000,15681729.3,0.8536233378002267,2.144005772600763,-0.12568123679234788,0,-0.044878211544878144,0,-0.22728283839394947,0,-0.29746413079746414,0,-0.3834946057168279,0,0.0,-0.4507285062840618,0,4505154.0571428565,0.16850128363500488,1.9199115542243865,0.3793103448275862,2024-07-02
LAZIOUSDT,2021-10,0,1000,31093710.88,22.25,99.0,-0.27098924731182794,0,-0.47280430107526883,0,-0.502610752688172,0,-0.5376344086021505,0,-0.6938666666666666,0,0.0,-0.7483612903225807,0,10537835.214285715,0.2287232927621107,3.468682840647411,0.2413793103448276,2024-07-16
CVPUSDT,2021-10,1,1000,4470863.1,0.01693515076414731,0.36637752994630324,-0.037367993501218555,0,-0.1092607636068238,0,-0.1429731925264014,0,-0.21283509341998386,0,-0.30381803411860286,0,0.015028432168968209,-0.3659626320064988,6,2780535.957142857,0.5589110448643946,1.9034732905764864,0.3793103448275862,2024-06-29
RAREUSDT,2021-10,0,1000,83433861.6,0.7278865631330182,2.37609723160027,-0.06291520125048844,0,-0.17545916373583437,0,-0.14419695193434945,0,-0.2411098085189528,0,-0.4138335287221572,0,0.0,-0.37670965220789376,0,26985237.85714286,0.21067146555278227,1.686359081247247,0.4827586206896552,2024-07-06
BETAUSDT,2021-10,1,1000,334952990.0,52.82436260623229,78.15347442092984,0.06869969040247681,0,-0.15686687306501546,0,-0.319625386996904,0,-0.40331888544891636,0,-0.46263777089783287,0,0.06869969040247681,-0.5059969040247678,1,96778054.14285715,0.1704186354628451,1.5167610139802337,0.3103448275862069,2024-07-03
ADXUSDT,2021-10,0,1000,441107921.0,1.1752056843679877,2.602468212415856,-0.10100575947734891,0,-0.25315911630705745,0,-0.3638786211639302,0,-0.3086907934324765,0,-0.3776325969225479,0,0.0,-0.4194962606378406,0,104465404.85714285,0.10962922344197337,0.8297400872474594,0.3448275862068966,2024-07-24
AGLDUSDT,2021-10,0,1000,42047404.9,0.6028464927143342,0.8424262961707896,-0.07610993657505294,0,-0.22367864693446093,0,-0.2505285412262157,0,-0.23403805496828756,0,-0.4086680761099366,0,0.0,-0.4553911205073996,0,14404234.17142857,0.23299985036650858,1.4038105479885186,0.3448275862068966,2024-06-30
CHESSUSDT,2021-10,1,1000,34976239.9,0.6968026460859977,2.381109886071297,-0.1799870045484081,0,-0.253411306042885,0,-0.336582196231319,0,-0.3801169590643274,0,-0.22807017543859642,0,0.0,-0.6131687242798354,0,10537890.542857142,0.18483497183088188,1.7229391882921024,0.3793103448275862,2024-07-17
AUCTIONUSDT,2021-10,0,1000,280972.02,0.1048829817971686,0.23952614851199072,-0.0405334728033474,0,-0.05857740585774063,0,-0.01569037656903771,0,0.012029288702928964,0,-0.20031380753138084,0,0.07008368200836812,-0.24738493723849375,13,138284.68714285712,0.4075262191587617,0.7878182994329056,0.4482758620689655,2024-07-24
FRONTUSDT,2021-10,1,1000,4470713.0,0.024017467248908186,0.2189644416718652,-0.004721291501675329,0,-0.03038379530916835,0,-0.0884099908620164,0,-0.013021626561072086,0,-0.13965884861407252,0,0.0,-0.20750837648492226,0,1991741.2857142857,0.3530934178358873,0.48472911366122357,0.5172413793103449,2024-06-29
KP3RUSDT,2021-11,1,1000,23772.46,0.4204698146471626,0.5830180587983038,0.11233286595060954,0,0.10025694868406054,0,-0.13152686556149662,0,-0.32576128595101195,0,-0.5083357373353817,0,0.12040360399041972,-0.4792663209376278,2,36225.904285714285,1.6111701663745917,1.4831189701711351,0.3448275862068966,2024-08-07
ENSUSDT,2021-11,0,1000,6140557.61,0.690792487402657,1.7485112230874944,-0.25074505554050386,0,-0.24722297480357625,0,-0.34760227580601466,0,-0.3339203467894879,0,-0.4227851530750474,0,0.03156326198862125,-0.4450013546464372,18,2760545.355714286,0.3578192925707279,1.9355312881351447,0.27586206896551724,2024-08-05
RNDRUSDT,2021-11,1,969,5385361.76,0.22459016393442632,0.8926229508196722,-0.06987951807228909,0,-0.16091030789825966,0,-0.2950468540829987,0,-0.49223560910307895,0,-0.30977242302543506,0,0.0,-0.5309236947791165,0,2920298.4342857143,0.4659769684008501,1.2633961227909996,0.4827586206896552,2024-07-22
MOVRUSDT,2021-11,0,1000,125941.843,0.02045572242361482,0.39823925427239776,-0.043390002537427086,0,-0.05100228368434412,0,-0.03298655163664044,0,-0.052524739913727636,0,-0.4770362852068003,0,0.017761989342806483,-0.48464856635371734,15,49999.92185714286,0.2965093578946594,1.5131221735280742,0.41379310344827586,2024-08-03
RGTUSDT,2021-11,1,130,573045.47,-0.08979868807961999,0.6711151323230039,0.23260437375745524,0,0.14587475149105367,0,0.044731610337972016,0,-0.2495029821073559,0,-0.3834493041749504,0,0.23260437375745524,-0.411530815109344,1,375516.32285714283,0.5978492393166172,1.9351811548709301,0.3103448275862069,2022-03-14
PLAUSDT,2021-11,1,826,13052993.29,0.12254098360655741,0.37295081967213123,0.10259218692953631,0,-0.12413289521723248,0,-0.13435560423512227,0,-0.40197152245345014,0,-0.38955823293172687,0,0.10259218692953631,-0.5297553851770719,1,6652541.248571428,0.42793243799075503,1.6343913287583802,0.3793103448275862,2024-02-26
PYRUSDT,2021-11,0,1000,3361838.141,0.1846001974333662,0.7045080618624547,0.03416666666666668,0,0.15222222222222204,0,-0.0247222222222222,0,-0.3030555555555555,0,-0.5244444444444445,0,0.23805555555555546,-0.5558333333333334,4,1062705.711142857,0.20212661774109292,1.3706084573330426,0.41379310344827586,2024-08-21
QIUSDT,2021-11,0,1000,630215742.0,0.2185163887291548,0.7251293847038527,-0.10806984426616328,0,-0.19726285983954694,0,0.1576215195847097,0,0.05191127890514391,0,-0.2000943841434638,0,0.2694667295894291,-0.3166588013213779,10,335592229.4285714,0.45458767779664044,3.6103558287488093,0.4482758620689655,2024-08-10
JASMYUSDT,2021-11,0,1000,938176313.6,0.6305995864920744,1.5148173673328738,-0.15046491969568887,0,-0.1314454775993238,0,-0.29036348267117507,0,-0.46576500422654266,0,-0.6293322062552832,0,0.0,-0.724429416737109,0,321067924.6571428,0.23259649954564787,1.7667719086447684,0.3448275862068966,2024-08-17
BNXUSDT,2021-11,1,1000,436524.832,0.19781221513217861,1.096627164995442,-0.1316590563165907,0,0.13013698630136972,0,0.2640791476407913,0,0.29984779299847797,0,-0.3051750380517504,0,0.5220700152207001,-0.243531202435312,10,151264.81085714287,0.2376072708734242,2.0937426018855567,0.5172413793103449,2024-08-04
VGXUSDT,2021-11,1,1000,11057300.2,0.36974345411266873,1.2562814070351758,-0.05251979146553398,0,-0.17590268391581398,0,-0.18459162000386187,0,-0.24541417262019705,0,-0.427495655531956,0,0.0,-0.4425564780845723,0,3203859.3285714285,0.1713756959105322,1.303730830585897,0.3448275862068966,2024-08-17
CITYUSDT,2021-11,0,1000,3499910.44,0.13296398891966765,2.6703601108033244,-0.07518337408312947,0,-0.08129584352078245,0,-0.15831295843520787,0,-0.24511002444987773,0,-0.40158924205378976,0,0.0,-0.41198044009779955,0,849257.6228571428,0.1164264515675245,0.7282206668886038,0.3103448275862069,2024-08-05
ALCXUSDT,2021-11,0,1000,37585.0729,0.0031372549019608176,0.22274509803921566,-0.07610112066718788,0,-0.1925983841542872,0,-0.2629658587438102,0,-0.4774563461037269,0,-0.3836330466510295,0,0.0,-0.5175918686473808,0,11518.619099999996,0.19087923954334896,0.5389114886432574,0.41379310344827586,2024-08-25
POWRUSDT,2021-11,0,1000,128371388.0,0.3623160710873303,0.6216319510796867,-0.26034506943470337,0,0.10141674849207472,0,0.07518586056950483,0,-0.16580165521110957,0,-0.3791555617898723,0,0.11095525319119104,-0.42628699677374104,4,70554439.85714285,0.4745471929721079,4.1495550405588535,0.5172413793103449,2024-08-12
PORTOUSDT,2021-11,0,1000,29543140.19,7.303000000000001,40.11,-0.18459592918222345,0,-0.2649524268336746,0,-0.3315428158496929,0,-0.5251234493556547,0,-0.6068649885583524,0,0.0,-0.6377333493917862,0,7188078.9457142865,0.117192532098261,2.174047025257553,0.27586206896551724,2024-08-11
AMPUSDT,2021-11,0,1000,1523293770.0,0.418291457286432,0.6080402010050251,-0.1549036281179138,0,-0.19005102040816324,0,-0.13846371882086173,0,-0.27976190476190477,0,-0.2854308390022675,0,0.0,-0.3395691609977324,0,650093569.8571428,0.33122974248536885,1.462105756887866,0.41379310344827586,2024-08-18
DARUSDT,2021-11,1,1000,253270565.0,142.66391304347826,729.434347826087,-0.21387174776879614,0,-0.3716252001198449,0,-0.43047329667369794,0,-0.271463893689075,0,-0.26654298831511947,0,0.2605658738541343,-0.46153915993547734,20,61621462.0,0.11718671229455081,1.6813317316192022,0.3448275862068966,2024-07-30
FLUXUSDT,2021-12,0,1000,65293697.28,0.4967213114754099,3.098360655737705,0.029025191675793982,0,-0.22398685651697703,0,-0.12486308871851037,0,0.1308871851040525,0,0.56078860898138,0,0.7135815991237677,-0.22398685651697703,24,20405756.56,0.19794304266830867,2.6706010181034623,0.5172413793103449,2024-09-04
VOXELUSDT,2021-12,1,1000,155427553.6,13.174999999999999,33.75,0.3344268077601411,0,0.02680776014109343,0,0.03527336860670194,0,0.05111111111111111,0,-0.14052910052910061,0,0.4175308641975308,-0.16303350970017638,19,77157958.57142857,0.41249459688250967,2.974621425953569,0.4827586206896552,2024-09-08
BICOUSDT,2021-12,0,1000,6587041.1,0.0772509323388384,0.4205292132836085,-0.1559512034289482,0,-0.13072865150016488,0,-0.35377514012528843,0,-0.35014836795252224,0,-0.419221892515661,0,0.0,-0.4741180349488955,0,2798039.9242857145,0.32890939883969045,1.6415193131023882,0.3103448275862069,2024-09-03
HIGHUSDT,2021-12,1,1000,2849080.54,-0.20122950819672136,1.0860655737704918,-0.26218573627501274,0,-0.366341713699333,0,-0.3971267316572601,0,-0.43560800410466904,0,-0.5731144176500769,0,0.0,-0.5977424320164186,0,1699129.1348571428,0.5291077406093032,2.1470618667431167,0.3793103448275862,2024-09-11
USTUSDT,2021-12,1,141,10086820.0,0.0019000000000000128,0.08900000000000008,0.00039924144126146643,0,-0.0009981036031541102,0,-0.0010979139634694768,0,-0.0010979139634694768,0,-0.002096017566623365,0,0.00039924144126146643,-0.0018963968459926317,1,10881096.142857144,1.0918679524369426,0.013833050267661464,0.5517241379310345,2022-05-13
PEOPLEUSDT,2021-12,0,1000,576317383.2,0.21811594202898532,0.4492753623188405,-0.0630577037477692,0,-0.11838191552647237,0,-0.2611540749553837,0,-0.39381320642474715,0,-0.7763236168947055,0,0.0,-0.7519333729922665,0,305264557.1571428,0.4512948832219086,1.5344779671239865,0.2413793103448276,2024-09-17
MCUSDT,2021-12,1,706,5698845.64,-0.09942084942084939,0.44305019305019305,-0.08038585209003213,0,-0.3322615219721329,0,-0.43837084673097537,0,-0.4608788853161844,0,-0.4683815648445874,0,0.0,-0.5487674169346195,0,3220278.6514285714,0.49258820657113533,1.1747901366358964,0.3448275862068966,2023-11-07
ANYUSDT,2021-12,1,117,5786671.82,0.28362183754993353,1.151797603195739,-0.2339211618257262,0,-0.2614107883817428,0,-0.13278008298755195,0,-0.012448132780083054,0,-0.11618257261410803,0,0.24014522821576767,-0.2769709543568465,16,1423289.7114285715,0.12028664863873341,2.786579254649373,0.41379310344827586,2022-03-30
JOEUSDT,2021-12,0,1000,17162843.0,0.06968325791855201,0.26606334841628965,-0.043147208121827374,0,-0.10956006768189508,0,-0.23519458544839245,0,-0.3536379018612521,0,-0.5812182741116751,0,0.0,-0.6730118443316413,0,5539084.488571429,0.2098598351877561,0.8910792572576866,0.3448275862068966,2024-09-22
OOKIUSDT,2021-12,1,1000,9018687273.0,1.027365491651206,83.02411873840445,0.1349805536490507,0,-0.06909174102036153,0,-0.21276595744680837,0,-0.397391901166781,0,-0.7490276824525279,0,0.1349805536490507,-0.7579501258293296,1,3633016732.285714,0.3033041165191758,1.9451308216644667,0.27586206896551724,2024-09-18
SPELLUSDT,2021-12,0,1000,888642323.0,-0.07551972846839206,0.28341111582520145,0.04772831574116565,0,0.19917393299678743,0,0.07572280862781078,0,-0.3070215695273061,0,-0.6140431390546122,0,0.19917393299678743,-0.6369894446994033,3,626404591.2857143,0.6557174777581087,2.0909944843298844,0.3793103448275862,2024-09-18
CVXUSDT,2021-12,0,1000,775234.92,0.15528434172942096,0.3451051674889639,-0.09710047201618344,0,-0.06922904023376053,0,-0.03798606428410889,0,-0.04922454484153749,0,-0.3928972802877051,0,0.12160035963137772,-0.31287929871881326,9,305753.8398571429,0.2934684536226343,1.8851474818158418,0.41379310344827586,2024-09-17
FXSUSDT,2021-12,1,1000,248883.5,-0.08762117822520499,0.2608128262490679,-0.0013281569268491777,0,-0.10221700040866377,0,-0.2145995096035963,0,0.0829587249693502,0,0.8467000408663672,0,1.0003064977523497,-0.28698406211687777,21,57434.642857142855,0.10256405105199823,0.4336089566959338,0.4482758620689655,2024-09-04
SANTOSUSDT,2021-12,0,1000,15330884.2,3.1639999999999997,13.397200000000002,-0.19039385206532178,0,-0.5581171950048032,0,-0.5380403458213256,0,-0.6047070124879923,0,-0.6641690682036503,0,0.0,-0.6561959654178674,0,6588559.8685714295,0.3347168856270751,3.53931526491585,0.3793103448275862,2024-08-26
IMXUSDT,2022-01,0,1000,2555922.8,0.008797653958944274,0.2348707011463609,-0.04941860465116277,0,-0.07373150105708248,0,-0.005285412262156508,0,-0.38689217758985206,0,-0.25554968287526414,0,0.09883720930232576,-0.38689217758985206,6,3486590.058571428,1.424808788564871,1.5339953014080103,0.4827586206896552,2024-10-05
BTTCUSDT,2022-01,0,1000,11304272062438.0,0.06666666666666665,0.5384615384615385,-0.028846153846153744,0,-0.004807692307692291,0,0.03846153846153855,0,0.08173076923076916,0,-0.1298076923076923,0,0.1298076923076923,-0.08653846153846156,13,10470850511316.143,0.9139860454874971,0.46528609232005175,0.4482758620689655,2024-10-20
SCRTUSDT,2022-01,0,1000,1143637.4,-0.14444140197152255,0.7119386637458928,-0.10273643783005271,0,-0.12562009921587447,0,-0.11105776924307886,0,-0.09393502960473676,0,-0.10289646343414949,0,0.09169467114738361,-0.21699471915506485,25,1342641.4857142859,1.2030114032064125,1.495628910671912,0.41379310344827586,2024-10-16
ACAUSDT,2022-01,1,1000,20133566.29,0.00550000000000006,0.4899999999999999,-0.16260566882148197,0,-0.19542516161113876,0,-0.26653406265539537,0,-0.11287916459472902,0,-0.4704127299850821,0,0.0,-0.49825957235206375,0,7457668.825714285,0.26547801672812,1.229075449188815,0.3448275862068966,2024-10-20
API3USDT,2022-01,0,1000,7584526.26,0.11455847255369922,0.6229116945107399,0.03533190578158463,0,-0.16059957173447537,0,-0.1955032119914346,0,-0.23747323340471094,0,0.4944325481798715,0,0.5961456102783727,-0.27387580299785863,29,4320642.761428571,0.4979430552243,1.148509902878523,0.5517241379310345,2024-10-16
ANCUSDT,2022-01,1,337,8254990.44,0.04451612903225799,0.2851612903225806,-0.022853613341568768,0,-0.1741815935762817,0,-0.03829524397776407,0,0.001235330450895633,0,1.0494132180358244,0,0.7751698579369983,-0.1741815935762817,28,3581560.5385714285,0.33951045435735233,1.6569602909301704,0.5517241379310345,2022-12-27
GLMRUSDT,2022-01,0,1000,8171664.3,46.9964,203.0,-0.25404405330399793,0,0.11467526731171507,0,-0.2307506396313057,0,-0.35139302114325244,0,-0.5390820978240035,0,0.11467526731171507,-0.6041453108983174,3,12911520.914285714,1.676708258398068,3.6023528388532737,0.3448275862068966,2024-10-06
ACHUSDT,2022-01,0,1000,1395291360.0,0.2557240099009901,0.5160891089108911,-0.20044351361340407,0,-0.28803745226068744,0,-0.3350991745718862,0,-0.5451521498090428,0,-0.2855734877417766,0,0.0,-0.5566095848219785,0,549076578.1428572,0.29244127274368464,1.3839884106081852,0.3793103448275862,2024-10-05
XNOUSDT,2022-01,0,1000,2664475.46,0.026978417266186883,0.7931654676258993,0.010070052539404628,0,-0.06304728546409799,0,-0.02539404553415059,0,-0.04728546409807344,0,-0.23598949211908926,0,0.03677758318739066,-0.22591943957968474,12,777810.2528571428,0.17390516768605052,0.7493475026279671,0.41379310344827586,2024-10-23
LOKAUSDT,2022-01,1,1000,94082921.4,13.906249999999998,22.999999999999996,-0.2234381551362682,0,-0.2692662473794549,0,-0.13857442348008375,0,-0.2381132075471698,0,-0.1925786163522012,0,0.050566037735849,-0.3337945492662473,17,29011083.7,0.19308262484148017,2.5914342437651627,0.4482758620689655,2024-10-15
TUSDT,2022-02,0,1000,141615153.7,0.0702054794520548,0.24400684931506858,0.11840000000000006,0,0.3864000000000001,0,0.24320000000000008,0,-0.0048000000000000265,0,0.06000000000000005,0,0.5184,-0.07040000000000002,5,282753154.12857145,2.162735739769917,2.17213911987349,0.5172413793103449,2024-11-20
ASTRUSDT,2022-02,0,1000,193794894.7,-0.053160919540229834,0.3613505747126436,-0.06980273141122917,0,-0.11001517450682852,0,-0.236722306525038,0,-0.21471927162367233,0,0.16919575113808794,0,0.06449165402124435,-0.24203338391502272,29,70671279.28571428,0.25878223879066237,0.8342952808973763,0.5517241379310345,2024-11-23
ALPINEUSDT,2022-02,0,1000,50821634.28,4.4437,17.9995,-0.10182412697246346,0,-0.29072138435255435,0,-0.3329904293035987,0,-0.5751051674412624,0,0.5240553300145123,0,0.7529988794386171,-0.5751051674412624,25,16067607.890000002,0.20218299359918446,1.777340080710392,0.41379310344827586,2024-11-16
WOOUSDT,2022-02,0,1000,37682126.9,0.11036691904484575,0.27984857309260347,-0.03894571203776542,0,-0.23944400734329918,0,-0.2136113296616836,0,-0.44899029635457643,0,-0.3646734854445318,0,0.0,-0.49370574350904795,0,13326776.07142857,0.24594022938055904,1.368925357356055,0.3448275862068966,2024-11-03
BSWUSDT,2022-03,1,1000,366055854.6,1.429541595925297,2.904923599320883,-0.045655718611693485,0,-0.1834381551362685,0,-0.24353598881900773,0,0.45935243419520133,0,0.4093873747961798,0,0.9782203587235032,-0.2695085022129048,11,108745014.00000001,0.1799175537622995,1.2332904196881673,0.41379310344827586,2024-12-14
APEUSDT,2022-03,0,1000,59422632.28,7.5192,27.0,0.5353554324349705,0,0.13041130622593688,0,0.5146023100760635,0,0.49104375997746286,0,0.369177857075782,0,0.6750399098506903,0.0,10,69768783.24428572,1.2031298344620107,4.462073298076046,0.4482758620689655,2024-12-10
GMTUSDT,2022-03,0,1000,1670855787.0,12.261999999999999,18.0,-0.11951440205097263,0,1.1468858392399337,0,3.184285929724024,0,4.796712411400996,0,15.414643341879053,0,19.283667621776505,-0.11951440205097263,23,1368027165.414286,0.7885514349799079,7.248918993378669,0.5517241379310345,2024-12-02
KDAUSDT,2022-03,1,1000,6043741.84,0.050233456770246265,0.5577201738850427,0.023148857887475227,0,-0.02483519852828453,0,-0.03464663498390308,0,0.04430476774490266,0,-0.061781388931473225,0,0.16786754560784933,-0.07910470642342482,23,2311310.555714286,0.27950212297618593,0.867683295997786,0.5172413793103449,2024-12-04
NBTUSDT,2022-03,1,547,23246416.0,0.32399999999999984,1.0727999999999998,-0.15528700906344406,0,-0.22779456193353476,0,-0.291238670694864,0,-0.40785498489425975,0,-0.5631419939577038,0,0.0,-0.5462235649546827,0,6981994.428571428,0.1837383233613302,1.5558189262698738,0.3103448275862069,2023-09-08
MOBUSDT,2022-04,1,706,26797811.86,0.24957746478873255,1.535211267605634,0.0009017132551849549,0,-0.17448151487826868,0,-0.38548241659152394,0,-0.5705590622182146,0,-0.5527502254283139,0,0.0009017132551849549,-0.630297565374211,1,8815636.915714286,0.21712995780146258,1.430759511254868,0.4482758620689655,2024-04-03
MULTIUSDT,2022-04,1,686,16204059.433,0.39087452471482886,0.9452471482889735,-0.15800984144341168,0,-0.21323127392017494,0,-0.32914160743575727,0,-0.2821213778020776,0,-0.4324767632586112,0,0.0,-0.5664297430289775,0,3405051.4887142857,0.07849165841799957,1.510456029808709,0.4482758620689655,2024-02-20
NEXOUSDT,2022-04,0,1000,31450002.24,0.06545454545454521,1.3390909090909089,-0.0046928327645049395,0,-0.05802047781569952,0,-0.19539249146757676,0,-0.4441126279863481,0,-0.46800341296928316,0,0.0,-0.49488054607508536,0,12462069.948571427,0.29562524338525037,1.0796751102626785,0.41379310344827586,2025-01-22
STEEMUSDT,2022-04,0,1000,34725711.1,-0.1377755511022044,0.28156312625250496,-0.09045128801084634,0,-0.17664148750726327,0,-0.1152430757311641,0,-0.2719349215572341,0,-0.4541932984698819,0,0.05093937633159018,-0.6569823745884176,5,42390118.94285714,1.2574982301802309,2.2977418915612087,0.4482758620689655,2025-01-15
BIFIUSDT,2022-04,1,1000,3334.711,-0.0518235294117646,0.6993529411764706,-0.03027483094484784,0,-0.06191451082573374,0,-0.14982319002419509,0,-0.07996773993423911,0,-0.18034617532104968,0,0.0,-0.27464482908369003,0,945.4512857142856,0.16410457557891325,0.39001148246669703,0.3793103448275862,2024-12-25
EPXUSDT,2022-05,1,827,9371051865.0,-0.159471813103098,0.8237684103605893,0.36253776435045326,0,-0.02114803625377648,0,-0.15951661631419933,0,-0.39516616314199404,0,-0.7021148036253777,0,0.36253776435045326,-0.6984894259818731,1,12519240894.285715,1.3919396940434428,3.372805992269895,0.2413793103448276,2024-08-26
REIUSDT,2022-05,1,1000,263436034.7,-0.1978751660026561,0.49468791500664006,-0.2201986754966887,0,-0.32615894039735105,0,-0.7574503311258278,0,-0.6920529801324504,0,-0.6365894039735099,0,0.0,-0.7880794701986755,0,93770473.34285714,0.2486101791575947,2.7794289811371127,0.3448275862068966,2025-01-27
GALUSDT,2022-05,1,803,42482135.567,10.586666666666666,132.33333333333334,-0.24626006904487918,0,-0.4252589182968929,0,-0.7201956271576524,0,-0.6393555811277329,0,-0.746662830840046,0,0.0,-0.7891829689298043,0,29824947.05585714,0.6524016570123322,4.592484168786759,0.41379310344827586,2024-07-15
LDOUSDT,2022-05,0,1000,14518671.25,-0.2882562277580071,0.7430604982206406,0.0044999999999999485,0,-0.29800000000000004,0,-0.28400000000000003,0,-0.41500000000000004,0,-0.499,0,0.0044999999999999485,-0.49950000000000006,1,5168796.345714286,0.24867867034778868,1.871319676821362,0.41379310344827586,2025-02-01
OPUSDT,2022-06,0,1000,135155408.59,-0.14444444444444438,0.8062500000000002,0.2548701298701299,0,0.13068181818181812,0,-0.4074675324675324,0,-0.5186688311688312,0,-0.5698051948051948,0,0.2548701298701299,-0.6339285714285714,1,91786176.86714284,0.6256351296788307,3.874852540259781,0.4482758620689655,2025-02-24
LEVERUSDT,2022-07,1,1000,4675735745.0,-0.06855955678670356,0.40166204986149584,1.1665427509293678,0,2.7100371747211893,0,1.4579925650557617,0,1.243866171003717,0,1.3130111524163568,0,2.7100371747211893,0.0,3,17732479817.285713,4.257854788013332,9.280980228362413,0.4827586206896552,2025-04-07
STGUSDT,2022-08,0,1000,352024980.8,1.5056480380499409,1.7942925089179547,-0.1558903784553327,0,-0.16360185075335154,0,0.10345236682880543,0,-0.22481907699608494,0,-0.37976035116858453,0,0.2181753470162533,-0.3484399098350931,6,139941826.2142857,0.29712275971334506,3.5251589430861885,0.4482758620689655,2025-05-14
LUNCUSDT,2022-09,0,1000,250702804490.37,-0.16990535058914413,0.5448715472281245,0.01591660073532819,0,-0.3034858286405734,0,-0.2923162842649044,0,-0.40389537860101454,0,-0.2875226881370131,0,0.01591660073532819,-0.5423046493228464,1,310389180705.94574,1.277755590833501,3.488222693777362,0.3793103448275862,2025-06-04
APTUSDT,2022-10,0,1000,67602698.77,6.3207,99.0,0.0065294302457414855,0,0.22328465857090163,0,0.25604108896690203,0,0.0068299479557965,0,-0.3555670905787699,0,0.3361427185924841,-0.4587129646072097,4,28248509.415714283,0.32083745547584247,1.6794864689349929,0.4482758620689655,2025-07-14
POLYXUSDT,2022-10,0,1000,288950723.0,0.3875677930746768,1.1677096370463076,-0.22820204449789538,0,-0.38604930847865304,0,-0.4542994588093807,0,-0.5180396873120866,0,-0.5832832230907998,0,0.0,-0.6734816596512327,0,80723768.22857143,0.15926340411567919,1.7056374177893583,0.41379310344827586,2025-07-12
GMXUSDT,2022-10,0,1000,1495831.798,0.24492789049132258,0.6377413835248107,-0.13174946004319654,0,-0.12703710975849203,0,-0.24091890830551743,0,-0.3143530335754957,0,-0.1523659925387787,0,0.0,-0.3457687021401924,0,432919.4787142856,0.17098675522339712,1.1668017734910148,0.41379310344827586,2025-06-30
NEBLUSDT,2022-10,1,187,332313.4,0.0657439446366781,0.16955017301038053,-0.041883116883116855,0,-0.021753246753246858,0,-0.2931818181818182,0,-0.3366883116883117,0,-0.6025974025974026,0,0.021753246753246636,-0.6814935064935065,2,227921.11428571428,0.6335056004362147,1.4291186072606064,0.41379310344827586,2023-04-18
OSMOUSDT,2022-10,0,1000,29721902.27,0.5826923076923076,0.7192307692307692,-0.07411907654921013,0,-0.034629404617253945,0,-0.007897934386391192,0,-0.24665856622114213,0,-0.38639125151883347,0,0.0,-0.38213851761846906,0,7842295.76857143,0.14116507910178253,0.9875453702327496,0.41379310344827586,2025-07-23
PHBUSDT,2022-11,1,1000,2351273.0,0.0021913805697588717,0.12417823228634037,0.24101068999028175,0,0.9154518950437316,0,0.5872206025267248,0,0.7776967930029155,0,0.23153547133138974,0,0.9154518950437316,0.0,3,19842875.714285713,9.679072924893592,3.503936654727556,0.5172413793103449,2025-08-13
HFTUSDT,2022-11,0,1000,202181334.9,5.871333333333333,232.33333333333334,-0.39041428155622393,0,-0.35810614145726205,0,-0.4207819928204133,0,-0.547880081498011,0,-0.5343941010963422,0,0.0,-0.547880081498011,0,86650868.17142859,0.3333432852081408,3.312002647501241,0.41379310344827586,2025-08-02
HOOKUSDT,2022-12,1,1000,97167964.7,24.466,49.0,-0.02807665122123626,0,-0.11686169795020818,0,-0.07131076729757324,0,-0.29223278096285243,0,-0.5301971255792037,0,0.0,-0.5654990968349958,0,37248705.385714285,0.2805673891681984,1.1192261996673816,0.3793103448275862,2025-08-26
MAGICUSDT,2022-12,0,1000,75943427.8,1.0018319811567653,1.7042658989793251,-0.07831089031245919,0,-0.23584782324486864,0,-0.2188521375343182,0,-0.26761668191920507,0,-0.27389201202771607,0,0.0,-0.3902470911230227,0,24252161.14285714,0.20590261048676725,1.8553654639161252,0.3448275862068966,2025-09-06
PROSUSDT,2023-01,1,811,5957062.0,-0.1218324803395332,0.2608912744975658,-0.04918265813788192,0,-0.14498933901918976,0,-0.0878464818763326,0,-0.162046908315565,0,-0.06069651741293525,0,0.12153518123667384,-0.21435678749111586,24,2976831.0,0.41633372849457223,0.9893597906865068,0.5172413793103449,2025-04-16
HIFIUSDT,2023-01,1,980,40375789.3,-0.03254663113818046,0.7087933003425962,-0.0023608105449537398,0,0.046626008262836915,0,-0.019476686995868464,0,-0.00944324217981507,0,-0.015935471178437965,0,0.1296478457603778,-0.05429864253393657,27,12162150.571428569,0.18476115462589854,0.6022149038171949,0.5862068965517241,2025-09-17
RPLUSDT,2023-01,0,1000,657936.66,0.2268121590023382,0.671862821512081,0.03208386277001285,0,0.10768742058449798,0,0.27890724269377376,0,0.2662007623888183,0,0.6397712833545106,0,0.5581321473951715,0.0,22,227033.7085714286,0.23591412279717014,1.4655275160033114,0.5517241379310345,2025-10-13
AGIXUSDT,2023-02,1,501,30688819.0,0.08157959891062161,0.11908888338697705,-0.04001373469154168,0,-0.11056426691083898,0,0.023142955247796637,0,0.05253519514707561,0,0.18283163557285098,0,0.2758841707679982,-0.2841020945404601,28,54376118.0,1.9004967628981313,1.2535966374898542,0.4827586206896552,2024-07-01
GNSUSDT,2023-02,0,1000,9896086.66,0.70407824933687,1.3010610079575597,0.005837143691020508,0,-0.09621558517365514,0,-0.18931802704543244,0,-0.2854363264909038,0,-0.1348380192625741,0,0.005837143691020508,-0.4080163440023349,1,3538245.04,0.25046312296541673,1.3561128880649431,0.4482758620689655,2025-11-12
LQTYUSDT,2023-02,0,1000,66581666.4,1.166,1.867,-0.10987996306555858,0,-0.07848568790397037,0,-0.10526315789473684,0,0.36888273314866105,0,-0.016620498614958512,0,0.36888273314866105,-0.22206832871652815,14,27329386.142857138,0.3122081581504745,1.8673219717091887,0.4827586206896552,2025-11-23
SYNUSDT,2023-02,0,1000,51869351.7,0.6667682926829268,0.9206300813008129,-0.10450582281568199,0,-0.19523199804889935,0,-0.21882812023657094,0,-0.43168099506127666,0,-0.4732028534845436,0,0.0,-0.4817389183586367,0,14115222.171428574,0.1508186818151421,0.9480488311216635,0.3793103448275862,2025-11-17
SSVUSDT,2023-02,0,1000,252095.82,0.03812397147558966,1.703236423477784,0.056803170409511106,0,0.29379128137384414,0,0.05046235138705413,0,-0.12496697490092479,0,-0.0015852047556143,0,0.29379128137384414,-0.16221928665786,3,491400.0694285714,2.1074689417698393,1.7325623441635538,0.4827586206896552,2025-11-19
VIBUSDT,2023-02,1,799,42664169.0,0.1357904946653734,0.33268671193016486,-0.05866780529462001,0,-0.06669513236549951,0,-0.18915456874466263,0,-0.2328778821520069,0,-0.23253629376601193,0,0.0,-0.2328778821520069,0,15419599.0,0.2549876767395454,0.8148248307197501,0.4482758620689655,2025-05-02
UFTUSDT,2023-03,1,762,2133201.0,-0.009928771854090246,0.09475501834664364,-0.05166775670372792,0,-0.06278613472858074,0,-0.09592326139088725,0,-0.11249182472204056,0,-0.06278613472858074,0,0.0,-0.14868105515587526,0,2564308.5714285714,1.2357765786408939,0.8080787731532901,0.4482758620689655,2025-04-16
USTCUSDT,2023-03,0,1000,216638423.0,0.0115254237288136,0.17343930371049016,-0.01810466632852692,0,0.06955111948409542,0,0.05734004782262159,0,-0.06478244330121008,0,-0.02498007390768786,0,0.06955111948409542,-0.06478244330121008,3,140971465.7142857,0.5925094191009075,0.6914565749532208,0.5172413793103449,2025-12-03
QKCUSDT,2023-03,0,1000,48024325.0,0.01666666666666683,0.39733676975945026,-0.04140611796518512,0,-0.054588473888795064,0,-0.09903667399019778,0,-0.09388203481494006,0,-0.028054757478451986,0,0.0,-0.12464086530336327,0,90046441.28571428,2.0208535431436743,0.5044960340349107,0.5172413793103449,2025-12-10
BETHUSDT,2023-03,1,223,276.6537,-0.005722580645161179,0.056761290322580656,0.0006294082913185228,0,-0.001323704035350759,0,-0.09360015053889026,0,0.14622387468935116,0,0.152453070149825,0,0.17014138975946214,-0.09360015053889026,28,279.0710142857143,1.010193971741567,0.416193232263233,0.5517241379310345,2023-10-11
GLMUSDT,2023-03,0,1000,2109048.5,0.034633757961783695,1.8125,-0.04001539053482117,0,-0.05001923816852638,0,-0.09926894959599852,0,-0.07310504040015398,0,0.0,0,0.03385917660638693,-0.1427472104655637,20,1536253.5571428572,0.683145851474413,0.4930315013137942,0.4482758620689655,2025-12-10
RDNTUSDT,2023-03,1,1000,191615772.0,0.41857923497267757,0.6320582877959926,-0.0482794042116077,0,-0.13944530046224968,0,-0.14714946070878276,0,-0.08217770929635348,0,-0.008217770929635382,0,0.2100667693888032,-0.20210580380071919,16,69191896.57142857,0.254613264994352,1.255622843359451,0.3793103448275862,2025-12-23
LOOMUSDT,2023-03,1,522,18550742.0,0.043748060812907275,0.615730685696556,0.058412604042805905,0,-0.026605231866825174,0,-0.017835909631391256,0,-0.03775267538644467,0,-0.0865041617122474,0,0.058412604042805905,-0.09482758620689657,1,20665792.14285714,1.1330167008953065,0.7633445442681833,0.5862068965517241,2024-08-26
OAXUSDT,2023-03,1,628,177801774.0,1.4289602612955905,1.7947740881872618,-0.11586732406992373,0,-0.27274764679515906,0,-0.22344240251008518,0,-0.34737785746302097,0,-0.3160017929179739,0,0.0,-0.4347826086956522,0,58760461.0,0.21889681576892853,1.9615891344520784,0.41379310344827586,2024-12-10
IDUSDT,2023-03,0,1000,561276773.0,15.259999999999998,99.0,0.3009348093480937,0,0.16686346863468637,0,0.1459778597785979,0,0.13739237392373926,0,0.825338253382534,0,1.3006150061500619,0.0,26,342598598.4285714,0.5454568062092247,2.5015149216152386,0.5862068965517241,2025-12-15
PROMUSDT,2023-03,0,1000,244682.8,-0.12874251497005984,0.14670658682634724,-0.07044673539518898,0,-0.13573883161512024,0,-0.17010309278350522,0,-0.16666666666666674,0,-0.11855670103092786,0,0.0,-0.21305841924398627,0,181428.44714285713,0.6983983140621245,0.816803804074607,0.4482758620689655,2025-12-10
ARBUSDT,2023-03,0,1000,495714259.2,1.6434000000000002,2.2,-0.03707346599076955,0,-0.03018839373534088,0,0.043807217976847834,0,-0.08080502383294241,0,0.1085722932586819,0,0.2850873874555495,-0.12763864719679208,22,316332856.28571427,0.5778247256035358,1.3886063965734088,0.4827586206896552,2025-12-16
GASUSDT,2023-03,0,1000,113820.5,0.04416666666666669,0.32222222222222224,-0.05480180899175313,0,-0.09630220803405165,0,-0.07209364192604417,0,-0.10667730779462614,0,-0.06251662676243674,0,0.0,-0.12716147911678632,0,147494.5,1.3451604353638698,0.7708565801663142,0.5862068965517241,2025-12-10
AMBUSDT,2023-03,1,725,157392099.0,-0.10781893004115217,0.9135802469135803,-0.10516605166051662,0,-0.08809963099631002,0,-0.2850553505535056,0,-0.17666051660516602,0,-0.3653136531365314,0,0.0,-0.4303505535055351,0,92456837.42857143,0.5186683089685037,0.9977301813771292,0.3793103448275862,2025-02-24
EDUUSDT,2023-04,0,1000,361053243.0,26.447799999999997,28.799999999999997,0.026136885287709744,0,-0.08931134735752966,0,-0.13611291251029234,0,-0.16786773439037006,0,0.03179125467250565,0,0.026136885287709744,-0.26258570814418647,1,139081335.57142857,0.2827450511687183,1.1577399080848039,0.41379310344827586,2026-01-21
WBTCUSDT,2023-04,0,1000,13.33017,-0.0012046899697926161,0.09795212894224357,-0.006573088287151085,0,-0.044617089553482314,0,0.005987189108736191,0,-0.08768526978735913,0,-0.046590716269396704,0,0.005987189108736191,-0.10199304333987691,7,6.046742857142857,0.362548889724087,0.4428838878275598,0.4827586206896552,2026-01-21
PEPEUSDT,2023-05,0,1000,46108639000543.0,0.8934010152284262,1.2284263959390862,-0.2949061662198391,0,-0.47989276139410186,0,-0.5308310991957104,0,-0.5898123324396782,0,-0.6702412868632708,0,0.0,-0.6648793565683646,0,86981637114158.14,2.0341915419651135,4.114960571882896,0.3793103448275862,2026-01-28
ASTUSDT,2023-05,1,680,245787286.0,0.8363463368220743,1.664129400570885,-0.1715025906735752,0,-0.2461139896373058,0,-0.33108808290155445,0,-0.36943005181347155,0,-0.472538860103627,0,0.0,-0.4875647668393782,0,62189437.428571425,0.1285249392436027,1.1659307581954133,0.3448275862068966,2025-03-28
SNTUSDT,2023-05,1,699,42552210.0,-0.004407051282051211,0.42107371794871806,-0.01730382293762578,0,-0.04225352112676051,0,-0.07122736418511066,0,-0.0551307847082495,0,-0.19275653923541247,0,0.0,-0.21046277665995983,0,10603068.142857144,0.12404082341825881,0.2857791145359329,0.5172413793103449,2025-04-16
FLOKIUSDT,2023-05,0,1000,895541625011.0,0.48142414860681115,0.6718266253869969,-0.16426332288401246,0,-0.2810867293625914,0,-0.24054336468129567,0,-0.3145245559038663,0,-0.3442006269592476,0,0.0,-0.3523510971786834,0,411871326254.5714,0.36989861838202975,1.6091952202445592,0.4482758620689655,2026-01-28
AERGOUSDT,2023-05,1,694,36053201.0,0.037331215250198335,0.16759332803812532,-0.045176110260336855,0,-0.11868300153139355,0,-0.15543644716692184,0,-0.08269525267993871,0,-0.14241960183767222,0,0.0,-0.16845329249617147,0,8392268.142857144,0.10490365797662922,0.5442299288478123,0.4827586206896552,2025-03-28
SUIUSDT,2023-05,0,1000,446598493.4,13.015999999999998,18.999999999999996,-0.05087043378995426,0,-0.05129851598173507,0,-0.15903253424657526,0,-0.13448915525114147,0,-0.3283390410958904,0,0.0,-0.32498573059360725,0,149780447.08571428,0.2246106383752525,0.8734746384531088,0.3793103448275862,2026-01-26
MAVUSDT,2023-06,0,1000,190413300.0,9.456,38.599999999999994,-0.19892884468247907,0,-0.17176740627390974,0,-0.19988523335883712,0,-0.34315225707727626,0,-0.41641162968630463,0,0.0,-0.4451032899770466,0,95309139.85714285,0.4172946243776039,2.555208509894535,0.4482758620689655,2026-03-23
COMBOUSDT,2023-06,1,666,27161229.0,0.046242774566473965,0.25549132947976877,-0.12983425414364647,0,-0.31381215469613266,0,-0.3718232044198895,0,-0.49337016574585635,0,-0.5276243093922652,0,0.0,-0.5519337016574586,0,10856769.714285716,0.2996683188869448,1.3347587837530164,0.4827586206896552,2025-03-28
FDUSDUSDT,2023-07,0,1000,4342792.0,0.0007999999999999119,0.050000000000000044,-9.992006394887731e-05,0,-9.992006394887731e-05,0,-0.0002997601918465209,0,-0.0002997601918465209,0,-0.0002997601918465209,0,0.0004996003197443866,-0.0015987210231813709,9,29102992.42857143,7.6516887062516465,0.010962761070355079,0.3103448275862069,2026-04-20
ARKMUSDT,2023-07,0,1000,176333610.0,12.158,16.799999999999997,-0.06307949536403723,0,-0.04271165830673351,0,-0.21918224654202767,0,-0.23027815777473792,0,-0.43897248822009427,0,0.0,-0.4423164614683083,0,56751317.571428575,0.20881405138816134,1.0026291962020153,0.3448275862068966,2026-04-12
WBETHUSDT,2023-07,0,1000,168.8058,-0.003559574523691378,3.0134803857512478,0.0010753590650147693,0,-0.012725956545002415,0,-0.008634346443971097,0,-0.027335102867274363,0,-0.11428181751418942,0,0.0021507181300293166,-0.10585729722924553,2,37.429899999999996,0.09202241076234743,0.2129420706569431,0.4482758620689655,2026-04-13
WLDUSDT,2023-07,0,1000,89457456.3,13.406666666666668,34.266666666666666,0.04442387783433599,0,-0.030078667283664928,0,0.07172605275335475,0,-0.056455344747801894,0,-0.3489125404905137,0,0.1244794076816289,-0.3674224895881536,8,37403351.45714285,0.3211321728210895,0.902459327272021,0.3448275862068966,2026-04-18
PENDLEUSDT,2023-07,0,1000,30690329.4,0.09543355566957423,0.654694715238584,0.10831381733021073,0,0.010655737704918122,0,-0.050234192037470704,0,0.031967213114754145,0,-0.16627634660421553,0,0.10831381733021073,-0.19121779859484778,1,12001933.871428568,0.28957660139461827,1.2875713785485368,0.4827586206896552,2026-03-28
CYBERUSDT,2023-08,0,1000,12137133.35,2.2548611111111114,11.354166666666666,-0.08342223170471519,0,-0.05056539364198853,0,-0.07979517815233639,0,0.5276296138254746,0,0.07979517815233628,0,1.4785577128227012,-0.2218903349690634,17,7847615.147142856,0.5876754618228419,2.2347277178189926,0.3448275862068966,2026-05-10
SEIUSDT,2023-08,0,1000,637604071.4,1.7953125,6.5,0.20067076579094456,0,-0.06539966461710467,0,-0.13750698714365572,0,-0.17887087758524312,0,-0.339854667411962,0,0.20067076579094456,-0.35271101173840136,1,472070188.8428572,0.697111622014443,2.2867583934980242,0.3103448275862069,2026-05-10
IQUSDT,2023-09,0,1000,64953058.0,0.015296367112810572,0.10898661567877632,0.016949152542373058,0,-0.0941619585687381,0,-0.07344632768361581,0,-0.10169491525423724,0,-0.07721280602636527,0,0.016949152542373058,-0.1581920903954802,1,308065463.4285714,5.366709565339736,1.0003719412202128,0.5862068965517241,2026-06-17
CREAMUSDT,2023-09,1,573,79919.253,-0.0017406440382941035,4.032201914708443,0.5274629468177854,0,0.6582388840453355,0,0.6033129904097645,0,0.5440278988666085,0,0.4036617262423714,0,0.6861377506538795,0.0,10,832763.1417142857,11.990066062888081,4.017791847470579,0.5172413793103449,2025-04-16
ARKUSDT,2023-09,0,1000,21289358.0,0.2945654472404313,4.0,-0.04459327017314607,0,-0.14864423391048676,0,-0.13410650114341716,0,-0.08428618098660567,0,-0.2606991179353152,0,0.0,-0.2889578569095066,0,12491570.57142857,0.5178771791364806,1.2170088223898723,0.41379310344827586,2026-06-17
GFTUSDT,2023-09,1,439,337898123.0,0.04253731343283573,2.067164179104478,0.33142448103078026,0,0.521832498210451,0,1.0307802433786684,0,0.7236936292054403,0,0.27057981388690044,0,1.0601288475304225,0.0,6,1018167580.2857143,3.348778066952052,2.677603163379184,0.3103448275862069,2024-12-03
TIAUSDT,2023-10,0,1000,60315914.4,-0.208202989224887,0.38230795968022246,0.1188762071992977,0,0.04947322212467076,0,0.025812115891132636,0,1.6262071992976295,0,1.8063213345039508,0,2.135820895522388,0.0,18,28320170.642857138,0.3811190945541453,1.1304473719294423,0.5172413793103449,2026-07-26
NTRNUSDT,2023-10,1,905,85847215.5,0.3357791754018167,0.7470300489168413,-0.17813235678786288,0,-0.1671462202458801,0,-0.25006539366989267,0,-0.2762228616269945,0,-0.22103060423750975,0,0.0,-0.31885953439707027,0,46814709.55714285,0.4695468765670099,1.3192381422980788,0.4482758620689655,2026-04-01
BEAMXUSDT,2023-11,0,1000,12464411523.0,0.5256120139888911,0.9312898580538985,0.015911542610571816,0,0.1016720604099246,0,0.0307443365695792,0,0.25013484358144544,0,2.2286947141316076,0,2.198759439050701,0.0,29,5056241829.571428,0.30659665509398043,1.9670382983622063,0.7241379310344828,2026-08-09
PIVXUSDT,2023-11,0,1000,76329539.0,0.3116430397397165,0.49314431791773167,-0.14900779588944013,0,-0.2533664068036854,0,-0.33043940467753363,0,-0.43231750531537916,0,-0.40308291991495404,0,0.0,-0.44046775336640676,0,25301196.714285713,0.22005206922578166,2.029900656430579,0.41379310344827586,2026-08-11
MEMEUSDT,2023-11,0,1000,15166224095.0,25.208,99.0,-0.04304029304029289,0,-0.1986797924297924,0,-0.19791666666666652,0,0.11538461538461542,0,0.1552579365079365,0,0.3814102564102564,-0.3216956654456654,11,6086715363.857142,0.3015558704670892,2.2088788664974914,0.5517241379310345,2026-07-29
VICUSDT,2023-11,0,998,11580059.32,-0.07947019867549676,0.19426048565121415,-0.061550759392486,0,-0.1606714628297361,0,-0.12789768185451633,0,-0.20543565147881693,0,-0.30775379696243,0,0.0,-0.378097521982414,0,5696741.614285715,0.4072680918989743,0.8029017227928249,0.3793103448275862,2026-08-17
BLURUSDT,2023-11,0,1000,148464853.9,0.5942955495451192,0.9424637324809443,-0.07156076495990127,0,-0.20111042566317083,0,-0.2208513263417643,0,-0.21113510178901918,0,-0.19694632942628,0,0.0,-0.33112276372609506,0,88536844.9,0.5290736584222644,0.8620721937747826,0.5172413793103449,2026-08-19
ORDIUSDT,2023-11,0,1000,12804712.13,1.303471634208298,1.4218458933107536,-0.07667990001470382,0,0.4593442140861639,0,0.6154242023231877,0,0.40273489192765743,0,2.726437288634024,0,3.501837965005146,-0.07667990001470382,28,9960468.575714286,0.7408544516286079,4.147335848851092,0.5172413793103449,2026-08-02
NFPUSDT,2023-12,0,927,283081945.0,56.6805,92.99999999999999,-0.20910879760057566,0,-0.14234446650081056,0,-0.4368720798190029,0,-0.5098776883002054,0,-0.539567098066071,0,0.0,-0.5738334445783237,0,114579517.85714285,0.3055503239530165,2.2311412837992894,0.3448275862068966,2026-07-10
JTOUSDT,2023-12,0,991,126427052.7,14.957333333333334,31.933333333333334,0.49540441176470584,0,0.443432486631016,0,0.4435160427807485,0,0.17868482620320836,0,-0.2733121657754011,0,0.49540441176470584,-0.35269050802139035,1,102316559.82857144,0.7775087866934037,4.145040048587643,0.3448275862068966,2026-08-23
ACEUSDT,2023-12,0,980,46424899.1,37.857462895547464,44.869224306916834,-0.04218795041798784,0,0.10908763332372451,0,-0.012236955895070567,0,-0.31348371288555776,0,-0.35674545978668193,0,0.10908763332372451,-0.4558662438743154,3,15348411.114285717,0.2190418643257751,1.7917371251513536,0.4827586206896552,2026-08-23
BONKUSDT,2023-12,0,983,14254363937690.0,0.21567622950819687,1.0491803278688527,-0.0830172777075433,0,-0.12052254530130646,0,-0.1849978929624947,0,-0.37041719342604307,0,-0.4003371260008429,0,0.0,-0.5655288664138223,0,8960354916553.857,0.5667050536249267,1.4209636637291678,0.41379310344827586,2026-08-23
VANRYUSDT,2023-12,0,991,901774700.0,0.2543940795559667,0.6014801110083257,-0.026991150442477796,0,-0.08008849557522124,0,-0.07817109144542767,0,-0.20722713864306785,0,-0.2162241887905605,0,0.0,-0.27463126843657815,0,290406139.5714286,0.20904487506690972,0.5864191431683132,0.3103448275862069,2026-08-17
1000SATSUSDT,2023-12,0,986,624844140259.0,1.2689144736842102,1.846217105263158,-0.07430228343602763,0,0.32076839434577753,0,0.25824574121058363,0,0.4630300833635377,0,0.13301920985864446,0,0.5726712577020661,-0.07430228343602763,13,539414479128.0,0.8404915217019495,3.7587153185144695,0.3793103448275862,2026-08-23
AEURUSDT,2023-12,0,969,3880913.7,-0.003862068965517218,0.20698850574712632,1.6670359087971942,0,-0.009231053263177302,0,0.002123142250530785,0,0.009784916458968063,0,0.006461737284224167,0,1.6670359087971942,-0.009231053263177302,1,9607709.714285715,2.7215693347333816,13.546430530851651,0.4827586206896552,2026-07-31
ALTUSDT,2024-01,0,942,1418782960.0,52.778333333333336,57.33166666666667,0.12182725385068349,0,0.22577246102829496,0,0.06873895930827145,0,0.04410078408280893,0,0.568475532277559,0,0.7106641460315493,-0.06520593795518637,28,611236658.7142857,0.3359538575935533,2.0783104594161226,0.5862068965517241,2026-08-23
AIUSDT,2024-01,0,963,214924858.0,40.33133333333333,85.00000000000001,-0.039582560446473236,0,0.2056954368759778,0,-0.10321467167766185,0,-0.07103569527557785,0,-0.05845444134393607,0,0.2056954368759778,-0.18338790586641285,3,107129700.85714285,0.4148605338770694,1.9607857803741797,0.4482758620689655,2026-08-23
JUPUSDT,2024-01,0,936,340888320.4,21.056666666666665,28.066666666666666,-0.08961765150370249,0,-0.14628985945292428,0,-0.16200695179084168,0,-0.20024180142058323,0,-0.0707269155206286,0,0.0,-0.29091733413933796,0,211218890.5428571,0.5562153572099915,1.048451632534503,0.4482758620689655,2026-08-23
XAIUSDT,2024-01,0,958,341248703.0,29.049999999999997,58.99999999999999,0.07820299500831962,0,-0.032279534109816876,0,0.6958402662229619,0,0.2191347753743762,0,0.37820299500831966,0,0.8855241264559068,-0.032279534109816876,6,205092856.35714287,0.5345081567973021,3.4587174934138276,0.5862068965517241,2026-08-23
MANTAUSDT,2024-01,0,949,219306575.7,42.417,65.66,0.06535688785498772,0,0.231232005896308,0,0.37134762880899164,0,0.39735126793652253,0,0.3405209940806597,0,0.7080314162655179,0.0,11,110858199.52857141,0.42307655331589167,2.387377939884094,0.5172413793103449,2026-08-23
STRKUSDT,2024-02,0,916,194055514.31,8.825,37.55,-0.03715012722646316,0,-0.019338422391857568,0,-0.02646310432569976,0,0.1460559796437657,0,0.06310432569974544,0,0.33791348600508897,-0.110941475826972,22,103599228.64,0.45617451966306527,0.4783148804010094,0.4827586206896552,2026-08-23
PYTHUSDT,2024-02,0,934,116901997.5,0.2964959568733154,0.5633423180592991,-0.018918918918918948,0,-0.01517671517671515,0,0.057588357588357786,0,0.2336798336798338,0,0.41413721413721416,0,0.5226611226611229,-0.018918918918918948,25,62414902.08571428,0.45622590423800635,0.46478564960359225,0.5862068965517241,2026-08-23
PORTALUSDT,2024-02,0,907,135141483.0,46.96,85.0,-0.046955796497080926,0,-0.011843202668890718,0,-0.034862385321100975,0,0.08703085904920771,0,-0.19270225187656387,0,0.08703085904920771,-0.27010008340283576,14,47060499.24285714,0.23960322592681133,1.4214220812639478,0.41379310344827586,2026-08-23
RONINUSDT,2024-02,0,931,11739901.03,0.14321819713563588,0.35636057287278855,-0.026529108327192352,0,-0.07406042741341201,0,0.028371407516580627,0,0.2781871775976419,0,0.07295504789977891,0,0.2781871775976419,-0.07406042741341201,14,9630749.75142857,0.7904005761736249,0.6898630626119475,0.4827586206896552,2026-08-23
PIXELUSDT,2024-02,0,917,1427441771.5,12.6875,16.3675,-0.05753424657534245,0,-0.04438356164383561,0,0.040000000000000036,0,-0.06356164383561635,0,0.35232876712328753,0,0.657716894977169,-0.10611872146118717,20,414627079.90000004,0.1722134213864849,0.9153671541637872,0.5172413793103449,2026-08-23
DYMUSDT,2024-02,0,930,39562407.1,23.62,30.604999999999997,0.16206336311941505,0,0.48598700243704296,0,0.4244516653127537,0,0.4735987002437043,0,0.3937855402112105,0,0.6815597075548332,0.0,8,23931116.62857143,0.5390445908939651,2.199991498911272,0.41379310344827586,2026-08-23
WIFUSDT,2024-03,0,902,134478787.15,0.30087453750420434,0.7130844265052136,0.19263089851325144,0,0.3946347769877183,0,0.39877181641887516,0,0.49825468648998084,0,1.2915319974143502,0,1.9588235294117649,0.0,26,97806954.01142856,0.6818546163670294,2.361935912468485,0.5172413793103449,2026-08-23
BOMEUSDT,2024-03,0,891,45435760752.0,1.8393881453154872,3.021305654192844,-0.11308321308321301,0,-0.45805675805675805,0,-0.33126503126503126,0,-0.33039923039923036,0,-0.5953823953823953,0,0.0,-0.6038961038961039,0,58685516406.0,1.3402176613125063,3.660724982117568,0.4482758620689655,2026-08-23
METISUSDT,2024-03,0,896,613912.696,0.5296135376171967,0.7941916304596387,-0.018089400508297104,0,-0.05441770070264618,0,-0.29159814621019586,0,-0.19262969053670198,0,-0.3209747346389594,0,0.0,-0.36410524742113926,0,240107.65328571427,0.2896288250623397,0.9715278562187086,0.41379310344827586,2026-08-23
ETHFIUSDT,2024-03,0,889,66158253.0,12.565217391304348,22.130434782608695,-0.03173076923076934,0,0.22275641025641013,0,0.4288461538461539,0,0.8333333333333333,0,0.13397435897435894,0,1.5384615384615383,-0.03173076923076934,9,40376540.65714286,0.545352801259731,3.2727557721975944,0.4482758620689655,2026-08-23
AEVOUSDT,2024-03,0,894,141478976.91,2.25,2.5,-0.06461538461538463,0,-0.11692307692307691,0,-0.20307692307692315,0,0.1384615384615384,0,-0.41538461538461546,0,0.1384615384615384,-0.34461538461538466,14,50594994.38142858,0.2505507513144484,2.3608763647539366,0.4482758620689655,2026-08-23
AXLUSDT,2024-03,0,906,32582524.93,0.6351586446856101,1.2947560268411895,-0.006383625493970979,0,0.11029486270138822,0,0.07878204478670603,0,-0.0028371668862093857,0,0.045597324956935914,0,0.1999696017833621,-0.17028067686695714,2,20454129.15857143,0.565724415248175,1.8384527104823647,0.41379310344827586,2026-08-23
PDAUSDT,2024-03,1,428,160967766.1,0.3429910524073285,0.8108223263740946,-0.04409898477157348,0,-0.1234137055837563,0,-0.1275380710659897,0,-0.3842005076142132,0,-0.5491751269035532,0,0.0,-0.6522842639593909,0,40107547.114285715,0.12402593243998145,1.3011813129180807,0.3448275862068966,2025-05-02
ENAUSDT,2024-04,0,874,1550711911.76,1.5833333333333335,2.0433333333333334,0.4632258064516128,0,0.31354838709677413,0,0.6012903225806452,0,0.26322580645161286,0,0.029677419354838808,0,0.8851612903225807,0.0,8,771152575.4928571,0.41350428444221193,3.5993945250562507,0.41379310344827586,2026-08-23
REZUSDT,2024-04,0,846,1025669535.7,15.0,28.889999999999997,-0.04500000000000004,0,0.14749999999999996,0,-0.07437499999999997,0,-0.31875,0,-0.14500000000000002,0,0.20437499999999997,-0.348125,4,495895690.5285714,0.39739900180274673,1.878281678020212,0.3793103448275862,2026-08-23
TAOUSDT,2024-04,0,865,241079.175,0.4174624829467939,1.8399272396543884,-0.13779274943856268,0,-0.05919153031761304,0,-0.25216554379210776,0,-0.2608277189605389,0,-0.3989412897016362,0,0.0,-0.39605389797882573,0,118127.33502857144,0.4049929310567784,1.8706026486108358,0.3793103448275862,2026-08-23
WUSDT,2024-04,0,873,382732824.6,25.2,36.199999999999996,-0.17938931297709926,0,-0.1931297709923665,0,-0.3603053435114504,0,-0.56793893129771,0,-0.4366412213740458,0,0.0,-0.5862595419847327,0,170148372.72857141,0.35198870358400924,1.7429576776886724,0.3793103448275862,2026-08-23
SAGAUSDT,2024-04,0,867,177842190.2,162.90499999999997,196.25,-0.06561727830145503,0,-0.37445471462127444,0,-0.3871449925261584,0,-0.38439949971019804,0,-0.5553216802416033,0,0.0,-0.5698880449040602,0,52121999.3142857,0.17526006698193863,2.1390711739071637,0.27586206896551724,2026-08-23
TNSRUSDT,2024-04,0,868,132768610.6,54.193333333333335,88.63333333333334,0.10109916656601037,0,-0.15352095663727505,0,-0.45965696340137696,0,-0.2869911825099649,0,-0.5307404275878729,0,0.10109916656601037,-0.5128034786810001,1,89530750.84285714,0.6200595194247919,2.558889626157571,0.3448275862068966,2026-08-23
OMNIUSDT,2024-04,1,531,8490145.87,26.14,54.5,-0.07848194546794396,0,0.0644804716285925,0,-0.20854826823876194,0,-0.3411938098747237,0,-0.44215180545320554,0,0.0644804716285925,-0.4775239498894621,3,3193442.041428571,0.2721576407968124,1.5845043557123384,0.3448275862068966,2025-09-29
NOTUSDT,2024-05,0,830,50422846577.0,8.78048780487805,46.496790757381255,-0.08386927418296364,0,-0.2707704423152645,0,-0.35883974274839225,0,0.6571728573303584,0,1.762829767686048,0,1.9933062081638009,-0.36408977556109723,19,20564427381.42857,0.3091460566067491,1.1357448103115606,0.4482758620689655,2026-08-23
BBUSDT,2024-05,0,833,743719214.8,17.886554621848738,24.21008403361344,-0.1764182424916575,0,-0.26829810901001105,0,-0.20244716351501668,0,0.5076751946607341,0,0.18153503893214684,0,0.8943270300333706,-0.29410456062291435,23,237948377.55714288,0.2066011405366028,2.7272080931131013,0.4827586206896552,2026-08-23
ZKUSDT,2024-06,0,798,1558854668.4,1.2421052631578946,2.1052631578947367,0.033802816901408406,0,-0.06901408450704216,0,-0.20375586854460093,0,-0.13849765258215962,0,-0.21737089201877935,0,0.05258215962441315,-0.3178403755868544,2,687348127.0,0.34775341650230435,1.1266269602478243,0.5862068965517241,2026-08-23
ZROUSDT,2024-06,0,795,38449052.71,2.432,4.62,-0.11421911421911424,0,-0.18181818181818188,0,-0.25757575757575757,0,-0.10052447552447541,0,0.5422494172494172,0,0.22406759906759888,-0.2674825174825175,16,21378831.91142857,0.4820351557542097,1.0355264902142298,0.4827586206896552,2026-08-23
LISTAUSDT,2024-06,0,795,370385618.3,32.645,39.805,-0.0364095705156785,0,-0.1524743646901472,0,0.06390251151731308,0,-0.24758507950661324,0,-0.11428146827166008,0,0.17773814831327073,-0.31460841135384165,6,208154936.8285714,0.4889943911644224,1.9004859899406208,0.41379310344827586,2026-08-23
IOUSDT,2024-06,0,804,113784930.3,68.48333333333333,97.00000000000001,0.36291676661069827,0,0.230031182537779,0,-0.08539218037898766,0,-0.14511873350923477,0,-0.4137682897577356,0,0.36291676661069827,-0.503717917965939,1,72973986.46142857,0.5815547130350823,3.5016020633252363,0.4827586206896552,2026-08-23
BANANAUSDT,2024-07,0,765,1543769.571,0.60425,0.9670000000000002,-0.033816425120772986,0,-0.06233442418575663,0,-0.05719183419043172,0,-0.3369175627240144,0,-0.20508025557113918,0,0.0,-0.49555867227676487,0,733755.6132857142,0.38785146322851055,0.5078114086235589,0.3103448275862069,2026-08-23
GUSDT,2024-07,0,766,1034286896.0,0.5138069388718434,0.8881283927307059,-0.06251948861864676,0,-0.09713127533520427,0,-0.15762394761459309,0,-0.3420642344870596,0,-0.3475210477081385,0,0.0,-0.5215154349859683,0,351423724.4285714,0.22973625282528315,0.8502447751169246,0.3793103448275862,2026-08-23
RENDERUSDT,2024-07,0,759,4132651.62,-0.035988620199146504,0.10341394025604556,-0.04603806994245241,0,-0.09251881363435144,0,-0.2715065663272834,0,-0.2839014313117899,0,-0.06831931533126756,0,0.0,-0.3904382470119522,0,3012701.472857143,0.6838328934680442,0.6657288788572032,0.41379310344827586,2026-08-23
DOGSUSDT,2024-08,0,728,361722189235.0,1.239090575724239,2.3003300330033,0.013675073698001805,0,0.06960366852276456,0,-0.05101539469374383,0,-0.09089420242384538,0,-0.32115951523092046,0,0.2104487389452998,-0.3168195217818539,2,199023049754.14285,0.4752446259127633,2.0878238540125897,0.4827586206896552,2026-08-23
TONUSDT,2024-08,1,692,7201655.11,0.4287683823529411,0.4866727941176469,0.06449018977163079,0,-0.001286587327114841,0,0.06095207462206509,0,0.04599549694435501,0,-0.24895464779671916,0,0.10807333547764553,-0.2561917015117401,6,7036542.962857143,0.973251865662679,0.9770882534933492,0.4482758620689655,2026-06-30
EURIUSDT,2024-08,0,726,5055595.0,-0.008303571428571521,0.08232142857142842,-0.003511299180696925,0,-0.0046817322409292705,0,-0.0030611326190691512,0,-0.008733231295579347,0,0.004321598991626763,0,0.00693256504906814,-0.008733231295579347,27,13068428.671428572,2.849101035585327,0.04635128508785946,0.5172413793103449,2026-08-23
SLFUSDT,2024-08,1,384,27966969.1,-0.19852272727272724,0.3304545454545455,-0.007656316461080448,0,-0.15284276194527147,0,-0.3619736282433007,0,-0.41982135261590814,0,-0.3258188005104211,0,0.0,-0.42804480362966124,0,18559490.485714287,0.6075587712982932,0.9015207059051016,0.3103448275862069,2025-09-17
CATIUSDT,2024-09,0,703,478320150.9,10.39,13.999999999999998,-0.008340649692712976,0,-0.10656277436347672,0,-0.22080772607550492,0,-0.4562115891132572,0,-0.5041703248463565,0,0.0,-0.5572870939420544,0,190714200.58571428,0.29850273977519215,1.4927945639151734,0.3448275862068966,2026-08-23
1MBABYDOGEUSDT,2024-09,0,707,48254233483.0,1.1478630514705883,1.4356617647058822,0.14859588125167145,0,0.23845948114469118,0,0.10072211821342592,0,0.23048943567798874,0,0.5094945172506016,0,0.8136400106980477,-0.021717036640813037,28,30859036398.142857,0.5794276453246381,1.9485160896066795,0.5517241379310345,2026-08-23
HMSTRUSDT,2024-09,0,697,45713672135.0,5.49,13.149000000000001,0.04776579352850541,0,-0.11263482280431436,0,-0.28721109399075506,0,-0.3967642526964561,0,-0.567180277349769,0,0.04776579352850541,-0.5459167950693374,1,18831722730.57143,0.31394104125897593,1.2500528125390702,0.3793103448275862,2026-08-23
TURBOUSDT,2024-09,0,707,5912773575.0,0.5119398102715083,0.6355904481517829,0.13933362180874065,0,0.3554738208567718,0,0.36412808308091726,0,0.2741237559498053,0,1.2838598009519684,0,1.6674599740372131,0.0,29,5954030176.142858,1.0081404607707023,1.9212249326007278,0.5517241379310345,2026-08-23
POLUSDT,2024-09,0,710,119140682.9,0.08276225619399047,1.6394306800210858,-0.012171372930866564,0,-0.0849561830574489,0,-0.022882181110029265,0,0.05550146056475169,0,-0.10832521908471271,0,0.05550146056475169,-0.10686465433300874,14,57158074.28571428,0.39304491443926975,0.5076748579923465,0.5517241379310345,2026-08-23
NEIROUSDT,2024-09,0,707,583226794093.0,10.542334830019243,13.175753688261706,0.9160854705604489,0,1.5475284114590568,0,2.5058212231515187,0,2.1549640167829054,0,4.4575009030537105,0,4.8413681958376165,0.0,28,456335485673.7143,0.7461710241678404,7.283528232789756,0.5172413793103449,2026-08-23
KAIAUSDT,2024-10,0,662,398814519.5,0.1362549800796813,0.3051792828685259,-0.05539971949509126,0,-0.135343618513324,0,-0.13674614305750354,0,-0.12903225806451613,0,0.4481065918653575,0,0.4691444600280503,-0.1837307152875175,24,123515264.39999999,0.19465704336440706,0.7660184947983029,0.5862068965517241,2026-08-23
LUMIAUSDT,2024-10,0,675,54006890.87,0.40930674264007605,3.3333333333333335,-0.11455525606468997,0,-0.09703504043126676,0,-0.33692722371967654,0,-0.29380053908355797,0,-0.31132075471698106,0,0.0,-0.3530997304582211,0,21135347.617142856,0.2899029516934678,1.2950938937067724,0.41379310344827586,2026-08-23
SCRUSDT,2024-10,0,682,35922228.3,1.8249999999999997,4.1499999999999995,0.024778761061946986,0,0.025663716814159354,0,0.10973451327433636,0,-0.28672566371681407,0,-0.28407079646017686,0,0.23628318584070818,-0.5079646017699114,10,10298786.414285714,0.16781288500041813,1.1782787158452492,0.41379310344827586,2026-08-23
BNSOLUSDT,2024-10,0,676,18434.09,-0.023855577047066312,0.1366860090264345,0.03038309114927351,0,0.11294583883751641,0,0.17899603698811095,0,0.12615587846763532,0,0.44187582562747685,0,0.4795244385733157,0.0,25,11980.83957142857,0.5915831936012752,0.3417842402783192,0.6896551724137931,2026-08-23
EIGENUSDT,2024-10,0,692,105446991.19,12.376666666666667,15.466666666666669,-0.189633690505856,0,-0.10864689758285573,0,-0.07201594816845247,0,-0.12434587590331425,0,-0.3169698479940194,0,0.0,-0.311986045352604,0,33900855.58285715,0.2084127711973773,2.015507555119464,0.5172413793103449,2026-08-23
USUALUSDT,2024-11,0,643,431193096.0,21.816,37.239999999999995,-0.1665497896213184,0,-0.23246844319775595,0,-0.1363955119214587,0,0.1893408134642356,0,4.05750350631136,0,2.317321178120617,-0.23246844319775595,29,132101994.71428572,0.19075787297237554,1.5317496525985193,0.6551724137931034,2026-08-23
COWUSDT,2024-11,0,656,371019143.0,1.0963855421686746,2.1040160642570283,-0.017241379310344862,0,-0.09176245210727974,0,-0.288888888888889,0,-0.36494252873563215,0,-0.02298850574712641,0,0.0,-0.36494252873563215,0,164311109.1857143,0.3500082749548765,1.1134524194231736,0.4482758620689655,2026-08-23
ACTUSDT,2024-11,0,651,1093228398.9,21.790816326530614,25.9795918367347,0.24893664651891645,0,0.6924110141034252,0,0.3483322140138796,0,-0.03872845310051487,0,0.2216252518468771,0,0.6924110141034252,-0.05618983657935983,3,924296724.2571429,0.8197202396605249,2.817895615371412,0.3793103448275862,2026-08-23
CETUSUSDT,2024-11,0,656,320424408.0,0.5706036745406826,0.832020997375328,0.29779411764705865,0,0.4518716577540107,0,0.21122994652406413,0,0.03743315508021383,0,0.47125668449197833,0,0.4518716577540107,0.0,3,218180702.40000004,0.6277302220996847,3.086807760366772,0.5172413793103449,2026-08-23
PNUTUSDT,2024-11,0,651,568570909.7,2.732569245463228,3.584527220630372,0.13075742067553753,0,3.515353121801433,0,3.091351074718526,0,1.890992835209826,0,2.3178096212896624,0,3.5821392016376663,0.0,6,883282244.314286,1.6457650531406827,20.379716765231095,0.4827586206896552,2026-08-23
THEUSDT,2024-11,0,635,468866218.1,17.191438763376933,23.884066587395964,0.0719981698150205,0,0.01918426040917698,0,-0.21900124191123604,0,-0.3905810837309628,0,-0.544414667625335,0,0.0719981698150205,-0.606118046931172,1,145111662.62857142,0.194410615504312,1.5150081382550826,0.4482758620689655,2026-08-23
PENGUUSDT,2024-12,0,615,12877737215.0,7.488888888888889,19.74074074074074,0.2423385689354276,0,-0.028656195462478107,0,0.25214659685863894,0,0.16321116928446777,0,0.14087260034904014,0,0.5019197207678883,-0.09287958115183237,20,7714564018.0,0.5322390911851926,3.075253629462791,0.4827586206896552,2026-08-23
VELODROMEUSDT,2024-12,0,619,612925769.5,0.8429919137466308,1.61455525606469,-0.12870201096892142,0,-0.23327239488117013,0,-0.2691042047531993,0,-0.23765996343692875,0,-0.5228519195612431,0,0.0,-0.5020109689213894,0,356567761.88571423,0.512038231871622,2.154732854110122,0.41379310344827586,2026-08-23
ORCAUSDT,2024-12,0,626,16761126.02,0.8466209081309399,2.3790918690601903,-0.10321658327376704,0,-0.31951393852751975,0,-0.2683345246604717,0,-0.4657612580414582,0,-0.41000714796283066,0,0.0,-0.5105075053609721,0,9834096.142857144,0.5178405766400492,2.6214276376533805,0.4827586206896552,2026-08-23
ACXUSDT,2024-12,0,620,274442417.9,0.8950865535932859,2.2523168386081482,-0.09005351540874706,0,-0.2692378667650859,0,-0.2539213877099097,0,-0.4813618748846651,0,-0.42876914559881907,0,0.0,-0.4964015501014948,0,131747407.74285714,0.3933972994267226,2.6863028685998227,0.4827586206896552,2026-08-17
1000CATUSDT,2024-12,0,615,4125892101.6,0.16590096988259306,0.8093415007656967,-0.10945709281961469,0,-0.1416374781085814,0,-0.0873467600700526,0,-0.2515323992994746,0,-0.40805604203152357,0,0.0,-0.4419877408056042,0,1680801714.5428574,0.3086088096049723,1.9932869574059493,0.41379310344827586,2026-08-23
VANAUSDT,2024-12,0,616,28938610.88,33.401,34.0,-0.48251504316734983,0,-0.5568442777826227,0,-0.5046364931251999,0,-0.5080666259701754,0,-0.6253015900700561,0,0.0,-0.6381500537775064,0,10815764.171428572,0.26937332107352346,4.246027644504003,0.4482758620689655,2026-08-23
MOVEUSDT,2024-12,0,623,858606650.8,35.74,42.88,0.005851932498639023,0,-0.11690255851932496,0,-0.15446379967338053,0,0.18726183995645074,0,0.22768100163309746,0,0.5408274360370169,-0.15596080566140447,18,395902081.3428572,0.3712813694175032,1.0506217689966404,0.5172413793103449,2026-08-23
MEUSDT,2024-12,0,622,89997493.48,17.903333333333336,19.8,-0.04284958561100338,0,-0.24739904778698651,0,-0.4642920119908306,0,-0.4380179862458121,0,-0.527420208076177,0,0.0,-0.5124316698994886,0,44620518.91285713,0.4117635767997095,1.0990765530751578,0.3448275862068966,2026-08-23
COOKIEUSDT,2025-01,0,591,68029994.0,0.27222952255803756,0.5328515111695137,-0.11792046823893965,0,-0.18454122912721638,0,-0.14942330865897746,0,-0.4110862454811499,0,-0.7214666896195558,0,0.019624720261663064,-0.732656223102083,5,61863787.6,0.8942538865038461,2.002715584205148,0.3103448275862069,2026-08-23
ANIMEUSDT,2025-01,0,578,2730715636.2,0.4783333333333335,0.7833333333333333,-0.30214205186020293,0,-0.38669673055242393,0,-0.48252536640360766,0,-0.6888387824126269,0,-0.7091319052987599,0,0.0,-0.7384441939120632,0,1230117194.5571427,0.35888667472058816,2.0211645749458107,0.2413793103448276,2026-08-23
BIOUSDT,2025-01,0,598,731838941.5,26.14666666666667,48.233333333333334,-0.1420677799607073,0,-0.11665029469548127,0,-0.43111493123772104,0,-0.525294695481336,0,-0.8031679764243616,0,0.0,-0.7654715127701375,0,281999650.67142856,0.2828852412649776,1.3270276506824674,0.3103448275862069,2026-08-23
CGPTUSDT,2025-01,0,591,307158907.2,0.7679661813057774,1.2217003287928605,-0.1373538788522849,0,-0.0961742826780021,0,-0.041179596174282684,0,-0.3552072263549416,0,-0.6057385759829967,0,0.17747077577045678,-0.6267268862911796,5,216466493.2857143,0.6555274362776697,2.565557082361289,0.3793103448275862,2026-08-23
SOLVUSDT,2025-01,0,584,2204401532.0,3.1870967741935488,5.35483870967742,-0.19491525423728817,0,-0.40292758089368264,0,-0.5238828967642527,0,-0.5747303543913713,0,-0.736517719568567,0,0.0,-0.7457627118644068,0,1067316360.5714285,0.39820429835072957,1.7929901427909178,0.3103448275862069,2026-08-23
SUSDT,2025-01,0,585,94337714.0,0.11781527023162708,0.21246782956820123,-0.0025581990278843447,0,-0.2779483243796368,0,-0.2579943719621388,0,-0.3369148119723715,0,-0.3408800204655923,0,0.0,-0.4942440521872602,0,125065482.4142857,1.3800077575549476,2.097039593098973,0.41379310344827586,2026-08-23
AIXBTUSDT,2025-01,0,591,100757513.5,0.28694988552531164,0.5263291783261256,-0.0169994069974303,0,-0.14825064241945052,0,0.5214469262700139,0,0.2937339395137377,0,-0.5497133820913225,0,0.7274164854714371,-0.529748962245503,5,188322283.2857143,2.0139084871654096,4.553990993969449,0.27586206896551724,2026-08-23
TRUMPUSDT,2025-01,0,582,148508697.117,0.7064220183486238,1.8344954128440365,-0.21505376344086025,0,-0.20731182795698921,0,-0.4111827956989248,0,-0.5481720430107526,0,-0.6477419354838709,0,0.0,-0.6698924731182796,0,75457993.29842858,0.4261223566285616,2.5354114560876555,0.3448275862068966,2026-08-23
DUSDT,2025-01,1,527,231543954.0,-0.16386419127470409,0.32878794858801313,-0.05443526170798896,0,-0.1896969696969696,0,-0.2657851239669422,0,-0.37757575757575756,0,-0.5323415977961432,0,0.0,-0.5854545454545454,0,87507473.42857143,0.27425200371819397,0.9655623884809679,0.2413793103448276,2026-06-19
KAITOUSDT,2025-02,0,550,362899133.7,15.445999999999998,20.0,-0.12927155539340884,0,-0.04499574364587133,0,0.3065791073817341,0,-0.007539827313632452,0,-0.19299525720539956,0,0.4926425878633103,-0.20655478535814187,6,195826896.51428574,0.4628876402578197,3.5191826477489125,0.5172413793103449,2026-08-23
LAYERUSDT,2025-02,0,559,338624481.56,4.271999999999999,6.5,-0.06430197268588767,0,-0.23786039453717756,0,-0.40885811836115327,0,-0.33165781487101675,0,0.14283004552352052,0,0.005974962063732825,-0.40885811836115327,29,121977455.03428571,0.25358360649061634,0.9405532993767282,0.4827586206896552,2026-08-23
1000CHEEMSUSDT,2025-02,0,561,49184489322.0,-0.1348837209302326,1.3348837209302327,0.30107526881720426,0,0.5241935483870968,0,0.310483870967742,0,0.30241935483870974,0,0.2661290322580645,0,0.5241935483870968,0.0,3,35914543399.57143,0.6852340282561028,2.5827947131045828,0.5172413793103449,2026-08-23
REDUSDT,2025-02,0,542,832291.1,1.0,1.0,0.4999999999999998,0,1.3587499999999997,0,0.6089999999999998,0,0.40825,0,0.31399999999999983,0,1.3587499999999997,0.0,3,29326075.271428574,40.9412515645067,5.471720759760378,0.4482758620689655,2026-08-23
BERAUSDT,2025-02,0,564,89366500.447,7.7170000000000005,14.5,-0.11666857863944025,0,-0.40495583342893193,0,-0.357806584834232,0,0.010324652976941628,0,-0.22335665940117022,0,0.010324652976941628,-0.40495583342893193,14,26402484.198000003,0.17801392479576922,2.075924876848521,0.4827586206896552,2026-08-23
TSTUSDT,2025-02,0,561,1610019302.3,0.6151079136690647,2.7985611510791366,-0.2605790645879732,0,-0.15723830734966593,0,-0.5630289532293986,0,-0.5282850779510022,0,-0.735412026726058,0,0.0,-0.7487750556792874,0,1411507345.2285712,0.8561524803341484,3.2877734985491043,0.27586206896551724,2026-08-23
HEIUSDT,2025-02,0,557,122565563.4,0.06231493943472399,1.0053835800807538,0.006461421512732768,0,-0.11440516913721022,0,-0.23109083998479663,0,-0.28607627011275816,0,-0.31851007221588745,0,0.006461421512732768,-0.5075383250981883,1,37479715.571428575,0.19009206409223206,1.230896880983245,0.4482758620689655,2026-08-23
SHELLUSDT,2025-02,0,543,334719780.3,0.4887948207171313,0.7676792828685258,-0.18498076601438362,0,-0.19016557952834923,0,-0.49640408094999167,0,-0.5529352734570998,0,-0.6397390868038133,0,0.0,-0.5954172938618498,0,151427134.85714287,0.36113300656545233,1.4453382801819301,0.3793103448275862,2026-08-23
MUBARAKUSDT,2025-03,0,515,135548660.9,-0.00747663551401867,0.9644859813084113,-0.1694915254237288,0,-0.4227871939736346,0,-0.6459510357815442,0,-0.7335216572504708,0,-0.655367231638418,0,0.0,-0.78060263653484,0,633219036.5571429,5.283446508520001,0.7362367980677578,0.41379310344827586,2026-08-23
XUSDUSDT,2025-03,0,523,4441086.0,-0.00029999999999996696,0.01430000000000009,0.00020006001800543238,0,0.00030009002700803755,0,0.00010003000900260517,0,0.00030009002700803755,0,0.0005001500450134699,0,0.0008002400720215075,0.0,24,2229936.0,0.41913419375350985,0.005561852847559998,0.41379310344827586,2026-08-23
EPICUSDT,2025-03,0,529,21292921.0,-0.2652313330279431,0.3985341273476867,0.16147132169576062,0,-0.023067331670822977,0,-0.1913965087281796,0,-0.17581047381546133,0,-0.13965087281795519,0,0.16147132169576062,-0.26246882793017456,1,8609278.485714287,0.3050468306657723,1.823751284071083,0.4482758620689655,2026-08-23
GPSUSDT,2025-03,0,538,1121096405.8,-0.35114503816793896,0.8587786259541984,-0.09411764705882353,0,-0.20588235294117652,0,-0.45882352941176474,0,-0.4911764705882353,0,-0.6632352941176471,0,0.0,-0.6558823529411765,0,664460898.1999999,0.5248031991029567,1.6663307335018138,0.3103448275862069,2026-08-23
FORMUSDT,2025-03,0,523,17465506.1,-0.02188675009820984,0.7463942982210001,0.07516208617820874,0,0.06764587756038787,0,0.3087956853519995,0,0.2506167881117678,0,0.19025761661598484,0,0.40507200642607155,0.0,5,15262890.842857143,0.8528689758380376,1.693493252496293,0.41379310344827586,2026-08-23
BMTUSDT,2025-03,0,524,378150625.0,0.8275154004106777,1.2573579739904173,-0.13707865168539335,0,-0.32247191011235954,0,-0.4295880149812735,0,-0.5580524344569289,0,-0.7161048689138576,0,0.0,-0.7194756554307116,0,179795791.34285712,0.388037577354262,1.0488603502089449,0.20689655172413793,2026-08-23
TUTUSDT,2025-03,0,515,537098291.0,2.7882632831086442,3.5995241871530532,-0.1266485241783546,0,-0.16307305840485653,0,-0.5352731840066988,0,-0.5061754239062173,0,-0.4121833786895541,0,0.0,-0.5553694787523551,0,1009370731.5714285,2.0258541559946988,1.7096981787240937,0.5517241379310345,2026-08-23
GUNUSDT,2025-03,0,511,2020453188.0,1.584,4.0,-0.18679050567595468,0,-0.4305985552115583,0,-0.31166150670794646,0,-0.37203302373581015,0,-0.17389060887512908,0,0.0,-0.46310629514963886,0,1430009597.0,0.6590612144552855,3.5299922408636144,0.4482758620689655,2026-08-23
BANANAS31USDT,2025-03,0,515,755688928.0,0.2399924471299093,0.8882175226586102,-0.2023755139333029,0,-0.1527333637886401,0,-0.14344449520328917,0,-0.1975026648393482,0,-0.28018882290239067,0,0.0,-0.3027257499619309,0,1663299985.5714285,2.4012109056157387,1.726548016353186,0.5172413793103449,2026-08-23
NILUSDT,2025-03,0,518,216613732.5,0.8174999999999999,1.4425,-0.1361760660247593,0,-0.1416781292984869,0,-0.3094910591471802,0,-0.40440165061898214,0,-0.46767537826685,0,0.0,-0.5350756533700137,0,98062200.94285715,0.3614896038504853,1.9193756473987946,0.41379310344827586,2026-08-23
PARTIUSDT,2025-03,0,517,476094126.0,12.12,16.528,0.04664634146341462,0,-0.05030487804878048,0,-0.35121951219512204,0,-0.4591463414634146,0,-0.4640243902439024,0,0.04664634146341462,-0.5643292682926829,1,202499713.6714286,0.3295580356519669,1.665862126887947,0.4482758620689655,2026-08-23
BROCCOLI714USDT,2025-03,0,515,86433254.0,0.756234096692112,1.2391857506361321,-0.1983483048391771,0,-0.20573746740075338,0,-0.5824398725007245,0,-0.597073312083454,0,-0.46754563894523327,0,0.0,-0.6776296725586787,0,237879728.42857143,3.0442080486753396,2.0632458653249173,0.3793103448275862,2026-08-23
INITUSDT,2025-04,0,487,377243000.1,2.774,2.8964999999999996,0.11261261261261257,0,-0.07021727609962913,0,-0.09446210916799158,0,-0.12029676735559092,0,0.3125331213566507,0,0.7723900370959196,-0.21528881822999468,19,140000427.10000002,0.2663004966030824,3.5198693975742734,0.4482758620689655,2026-08-23
HYPERUSDT,2025-04,0,489,292238530.5,2.013333333333333,2.311111111111111,-0.1747787610619469,0,-0.2603244837758112,0,-0.27765486725663724,0,-0.4682890855457227,0,-0.3886430678466076,0,0.0,-0.4885693215339233,0,161421334.47142857,0.477755168792387,1.784728563810513,0.4482758620689655,2026-08-23
WCTUSDT,2025-04,0,496,232875080.9,0.4255,1.0564999999999998,0.5271834444054717,0,0.2350052613118203,0,0.46474921080322695,0,0.3640827779726412,0,0.7741143458435635,0,0.9607155384075763,0.0,29,178615566.71428576,0.7281685687221161,5.274596440095551,0.5862068965517241,2026-08-23
SIGNUSDT,2025-04,0,483,1376042348.0,1.6943333333333332,1.9626666666666668,0.25262897439069665,0,0.08425089694420373,0,-0.020908078683657072,0,0.18396634912779897,0,-0.015588271681306387,0,0.25262897439069665,-0.07942595570951372,1,765528933.7142857,0.482381010268152,2.4291596358105956,0.4482758620689655,2026-08-23
KERNELUSDT,2025-04,0,497,356841182.8,2.259,7.99,-0.27769254372506913,0,-0.3461184412396441,0,-0.4136238109849648,0,-0.45075176434489117,0,-0.47437864375575334,0,0.0,-0.5630561521939246,0,164492436.65714285,0.37112956318785073,2.5677485943368383,0.4482758620689655,2026-08-23
BABYUSDT,2025-04,0,501,1358195971.0,1.8336666666666668,3.166666666666667,0.3161980943418421,0,0.4454770027055641,0,-0.12469121279849427,0,-0.10163510175273505,0,0.13374897070932823,0,0.6541583343136101,-0.169274203034937,2,949364607.8571428,0.6488209847099696,3.82471351016059,0.4827586206896552,2026-08-23
BIGTIMEUSDT,2025-04,0,500,86421345.0,0.16897202137692569,0.2889028607356179,-0.02433777060642739,0,-0.10178835551969889,0,-0.0496167809600645,0,0.10488100040338844,0,0.1107973645287077,0,0.1577248890681726,-0.173188113486621,29,76954218.14285715,0.8721961416669305,2.1412025182562275,0.4827586206896552,2026-08-23
ONDOUSDT,2025-04,0,500,19980553.1,0.26672335600907027,0.31618480725623577,0.01275453121503678,0,-0.020250615350190238,0,-0.07048556724099353,0,0.10729469680017889,0,0.16245245021257548,0,0.232714253748042,-0.08324009845603042,29,16517241.12857143,0.7977768376525406,0.6749717634123049,0.6551724137931034,2026-08-23
VIRTUALUSDT,2025-04,0,500,17599961.7,0.2574422481543226,0.42891164562991185,0.1621212121212121,0,0.09412878787878776,0,0.1115530303030301,0,0.749810606060606,0,2.687878787878788,0,2.952840909090909,0.0,27,13464047.828571428,0.7258384460007092,1.7354871583238034,0.5517241379310345,2026-08-23
USD1USDT,2025-05,0,459,21063031.0,-9.999999999998899e-05,0.03049999999999997,0.00010001000100001711,0,0.00010001000100001711,0,0.0,0,0.0,0,-0.0004000400040004015,0,0.0011001100110010764,-0.000800080008000803,24,7317575.571428572,0.23864876490631062,0.004412049521700836,0.4482758620689655,2026-08-23
AUSDT,2025-05,0,453,24862688.5,-0.026541864341582344,0.1630978330555199,-0.09167544783983139,0,-0.19665437302423605,0,-0.18032139093782928,0,-0.16662276080084293,0,-0.34931506849315064,0,0.0,-0.37631717597471026,0,41409313.87142857,1.7764404186082556,1.1146227557542145,0.3448275862068966,2026-08-23
KMNOUSDT,2025-05,0,475,133372427.0,0.274592731829574,0.48809523809523825,-0.17475728155339798,0,0.030846749416246766,0,-0.09745606488877956,0,-0.11859407644094866,0,-0.35393879808283146,0,0.04497972225635971,-0.3469337593707754,4,89305436.57142857,0.614526855439668,2.0799584742160073,0.5172413793103449,2026-08-23
HAEDALUSDT,2025-05,0,460,369464612.5,0.7235693501454898,1.1949563530552862,-0.019133370849746645,0,-0.12492965672481715,0,-0.14293753517163765,0,-0.2639279684862127,0,-0.3016319639842431,0,0.0,-0.44344400675295437,0,157249654.45714286,0.32988408269637276,1.1941620856481605,0.41379310344827586,2026-08-23
AWEUSDT,2025-05,0,460,121991776.0,-0.036495313831298004,0.16330587901164437,0.01459100957995596,0,-0.01960206337509207,0,-0.0666175386882829,0,-0.0427413411938099,0,-0.21444362564480468,0,0.01459100957995596,-0.258216654384672,1,44225167.428571425,0.2562801118659015,0.6936670336831137,0.4482758620689655,2026-08-23
NXPCUSDT,2025-05,0,466,155864136.5,25.25,37.674,-0.025561904761904786,0,-0.12575238095238084,0,-0.275352380952381,0,-0.3634666666666666,0,-0.5250285714285714,0,0.0,-0.5477333333333333,0,54875427.342857145,0.24408421764596674,1.106247335954753,0.3793103448275862,2026-08-23
SYRUPUSDT,2025-05,0,475,165941271.1,0.5328212290502794,5.983240223463687,0.02277904328018221,0,0.11343963553530756,0,0.24009111617312073,0,0.638268792710706,0,0.612756264236902,0,0.9940774487471524,0.0,19,114910157.52857141,0.641220663358733,1.735424094366083,0.6551724137931034,2026-08-23
HUMAUSDT,2025-05,0,455,1538894126.0,5.6930000000000005,9.6,-0.11370088151800395,0,-0.2297923203346781,0,-0.41476169131928875,0,-0.23905572986702528,0,-0.522486179590617,0,0.0,-0.48304198416255795,0,822988727.1428572,0.4572576818495612,2.0061692181181554,0.3103448275862069,2026-08-23
STOUSDT,2025-05,0,479,362261035.7,1.0502092050209204,1.2290794979079498,-0.1193877551020408,0,-0.12653061224489803,0,-0.27040816326530626,0,-0.4295918367346939,0,-0.48469387755102045,0,0.0,-0.528061224489796,0,185243541.04285714,0.42991271464160585,1.4533840465008638,0.3448275862068966,2026-08-23
SXTUSDT,2025-05,0,473,530480431.9,1.4233333333333333,2.3133333333333335,-0.1127922971114168,0,0.05639614855570829,0,-0.10453920220082524,0,-0.08734525447042629,0,-0.3163686382393397,0,0.05639614855570829,-0.35694635488308113,3,358543806.9857143,0.6218659218998674,2.0221418908884004,0.4482758620689655,2026-08-23
SOPHUSDT,2025-05,0,453,1768014502.0,1.217,1.9333333333333333,-0.1461434370771313,0,-0.25109006164486547,0,-0.16659149000150353,0,-0.24567734175311984,0,-0.5092467298150654,0,0.0,-0.5167643963313787,0,864506890.5714285,0.40379888731629116,2.313851154687339,0.3793103448275862,2026-08-23
NEWTUSDT,2025-06,0,426,321891756.5,0.7836666666666667,1.866666666666667,-0.18575967108951608,0,-0.27396748271351146,0,-0.3345169127265931,0,-0.41880022425714825,0,0.07905064473930112,0,0.0,-0.4257148196598767,0,175965599.15714285,0.4711042450487027,1.5996596848127946,0.41379310344827586,2026-08-23
HOMEUSDT,2025-06,0,438,998085332.0,0.06952067325283573,0.3289425539699963,-0.09818679438932598,0,-0.09921313718782077,0,-0.29695518303113244,0,-0.3267191241874786,0,-0.20458433116660968,0,0.0,-0.37495723571672934,0,677815891.1428572,0.6256355353391768,1.3158299830874085,0.4827586206896552,2026-08-23
RESOLVUSDT,2025-06,0,439,136351130.5,0.1383543463835435,0.4263437292634373,-0.2156805596036141,0,-0.24948994462255902,0,-0.36286796852229675,0,-0.5362867968522298,0,-0.4610900612066453,0,0.0,-0.6123579131448558,0,75996902.74285714,0.48358869150214584,1.8594393037258217,0.3793103448275862,2026-08-23
SAHARAUSDT,2025-06,0,424,1488278331.0,3.7504999999999997,6.9,-0.10925165772024004,0,0.054941585096305756,0,-0.1344069045363646,0,-0.16808756972950212,0,0.013367013998526467,0,0.5559414798442268,-0.23965898326491952,27,621953686.7142857,0.3208850361203035,1.8286758407980803,0.41379310344827586,2026-08-23
SPKUSDT,2025-06,0,433,2219295791.0,4.7645,5.9,-0.13319455286668413,0,-0.2926533090467517,0,-0.2890970595888629,0,-0.3569260126637176,0,-0.42596929482175383,0,0.0,-0.4804753230982739,0,797479119.2857143,0.2525619506300411,2.667540340438167,0.3793103448275862,2026-08-23
A2ZUSDT,2025-07,1,246,6556023777.0,-0.22376717865804374,0.33791430881164103,0.04249114767756712,0,0.009997917100604159,0,0.05207248489897953,0,0.5242657779629245,0,0.18162882732764007,0,0.979795875859196,0.0,8,3157120587.714286,0.3951536496743449,1.5240524859028732,0.4827586206896552,2026-04-01
LAUSDT,2025-07,0,411,71267073.5,0.28725,0.7649999999999998,-0.18586133229753354,0,-0.3303554088172461,0,-0.30802097494659164,0,-0.25849679549427085,0,-0.37075160225286463,0,0.0,-0.41639153233637605,0,73156192.57142857,1.0309255332338012,1.5093350590756094,0.41379310344827586,2026-08-23
ERAUSDT,2025-07,0,403,240906313.9,7.5275,9.280499999999998,-0.20439753737906774,0,-0.2626209322779244,0,-0.14359425388449143,0,-0.37062445030782765,0,-0.43951920257988863,0,0.0,-0.4609791849897391,0,102569168.65714286,0.3300576746873438,2.078618722630278,0.4827586206896552,2026-08-23
TREEUSDT,2025-07,0,391,153720097.7,1.239666666666667,4.0,-0.2079178449173985,0,-0.27176663193927675,0,-0.36448876320881085,0,-0.36925137669296026,0,-0.41524036314927815,0,0.0,-0.5664533412710224,0,78690852.35714285,0.4305616449873837,1.6290576539270947,0.3793103448275862,2026-08-23
CUSDT,2025-07,0,402,279346536.9,1.026797385620915,3.9019607843137254,-0.14769429216381813,0,-0.007739438890680517,0,0.06385037084811374,0,-0.10190261206062545,0,-0.27378265075782005,0,0.3415027410512739,-0.2763624637213802,5,195202223.3857143,0.6485785474340469,3.2429796063003544,0.4482758620689655,2026-08-23
TOWNSUSDT,2025-08,0,384,3180034622.0,0.6365853658536584,2.048780487804878,-0.1912568306010929,0,-0.21435668156979626,0,-0.19274714356681566,0,-0.32613015399900636,0,-0.42821659215101837,0,0.0,-0.45976154992548435,0,1391815816.857143,0.3439520254799708,1.5864711521029886,0.3793103448275862,2026-08-23
PROVEUSDT,2025-08,0,384,166191625.3,2.3083333333333336,2.691333333333333,0.10408060453400503,0,0.05743073047858949,0,0.5439798488664986,0,0.15375314861460954,0,-0.12302267002518896,0,0.6167254408060452,-0.14931989924433253,6,98210688.75714287,0.5227732294562658,2.7574726659757505,0.41379310344827586,2026-08-23
PLUMEUSDT,2025-08,0,371,528827704.0,0.2775000000000001,0.43750000000000006,-0.1227440747988694,0,-0.11230702326592745,0,-0.09382474450967615,0,-0.150141335072842,0,0.326701456838443,0,0.43585562078712736,-0.150141335072842,25,423226948.4285714,0.7670302055506533,1.5495960361990289,0.5172413793103449,2026-08-23
DOLOUSDT,2025-08,0,362,157852053.0,0.10200000000000009,0.4849999999999999,0.08666061705989092,0,0.32803992740471877,0,-0.12205081669691475,0,-0.2028130671506353,0,-0.5086206896551725,0,0.48094373865698725,-0.5267695099818512,4,181815422.25714284,1.1771105513168925,4.153557681489459,0.3448275862068966,2026-08-23
MITOUSDT,2025-08,0,360,152954514.9,0.31666666666666665,0.7857142857142856,0.06464737793851705,0,-0.03887884267631103,0,-0.14195298372513565,0,-0.03435804701627487,0,-0.31329113924050633,0,0.41591320072332705,-0.31283905967450276,16,115388411.82857142,0.7134630495957984,0.8520109472282954,0.3103448275862069,2026-08-23
BFUSDUSDT,2025-08,0,376,7964449.0,-0.0008000000000000229,0.08500000000000008,0.00010008006405115566,0,0.00010008006405115566,0,0.0,0,0.0005004003202562224,0,0.0006004803843076001,0,0.0006004803843076001,-0.00020016012810242234,10,23102309.0,3.217458692580826,0.0031220145325520903,0.41379310344827586,2026-08-23
XPLUSDT,2025-09,0,333,1685689966.1,11.773,13.499999999999998,-0.04337273937211317,0,0.13669459015109986,0,-0.26931809285210995,0,-0.4171298833476865,0,-0.6928677679480153,0,0.27534643388397395,-0.7312299381507869,2,832501618.7714285,0.4095080203155119,3.275172724879571,0.3103448275862069,2026-08-23
USDEUSDT,2025-09,0,349,8705405.0,0.0007999999999999119,0.010000000000000009,-9.992006394887731e-05,0,-0.0001998401278976436,0,0.0,0,0.0,0,-0.0007993605115906854,0,0.0,-0.0016986410871302482,0,3089590.285714286,0.2473889688838907,0.00311768567750061,0.3793103448275862,2026-08-23
WLFIUSDT,2025-09,0,357,3885050969.0,0.16749999999999998,1.3899999999999997,-0.027408993576017227,0,-0.20042826552462534,0,-0.09593147751606002,0,-0.0715203426124198,0,-0.11948608137044969,0,0.04325481798715192,-0.22398286937901501,20,1916769231.871429,0.4089321577400735,1.9962807070223492,0.4482758620689655,2026-08-23
ZKCUSDT,2025-09,0,343,233866237.3,2.2393103448275866,5.496551724137931,-0.1426442410048967,0,-0.17500532254630619,0,-0.29135618479880776,0,-0.47626144347455823,0,-0.8055141579731744,0,0.0,-0.8108367042793272,0,83728985.18571427,0.2510243056505247,2.162661937802033,0.3448275862068966,2026-08-23
OPENUSDT,2025-09,0,350,239625247.0,6.1735,17.249999999999996,-0.22185822820101764,0,-0.36739388025371167,0,-0.39841081759252805,0,-0.46748449153133065,0,-0.5463860040426569,0,0.0,-0.70112218582282,0,116049401.04285714,0.3983446148170967,2.032237698013119,0.4482758620689655,2026-08-23
PUMPUSDT,2025-09,0,347,10602556535.0,0.30897378942692133,0.34873389604620175,0.0553198710334295,0,0.360088240285084,0,0.32682844052265403,0,-0.14882063465128126,0,-0.36195486170032243,0,0.46394026811471223,-0.3178347191583234,4,19593020015.0,1.9892778242092155,1.8166500954130966,0.41379310344827586,2026-08-23
BARDUSDT,2025-09,0,340,162956382.0,1.6472499999999997,2.4197499999999996,-0.12154122202285389,0,-0.006893946548304664,0,0.11729152894513173,0,-0.1698932854849372,0,-0.4110869770516573,0,0.4216639909339883,-0.39899896118613654,5,72461041.25714286,0.3521094648914497,5.15014190356081,0.41379310344827586,2026-08-23
AVNTUSDT,2025-09,0,343,209043189.8,0.53679012345679,1.5925925925925926,-0.18203727506426726,0,-0.11568123393316188,0,0.6569730077120826,0,-0.09366966580976854,0,-0.5257872750642673,0,0.8980559125964009,-0.555189588688946,6,147547683.22857144,0.6567945708477384,5.260586363360358,0.41379310344827586,2026-08-23
MIRAUSDT,2025-09,0,332,297661243.6,4.7924,8.2,-0.15675713003245628,0,-0.4398176921483322,0,-0.5464401629721704,0,-0.7701816172916235,0,-0.7613424487259167,0,0.0,-0.8030522753953456,0,105203710.15714286,0.24567341619254504,2.575262112871696,0.41379310344827586,2026-08-23
HEMIUSDT,2025-09,0,335,1149418937.3,-0.8014367816091954,0.8491379310344828,0.24384949348769913,0,-0.09479015918958034,0,-0.3191027496382054,0,-0.3531114327062229,0,-0.565123010130246,0,0.24384949348769913,-0.5962373371924746,1,647081335.3142856,0.4901245171524111,2.986799324970725,0.3793103448275862,2026-08-23
HOLOUSDT,2025-09,0,347,331684690.3,4.286363636363637,8.886363636363637,-0.07566638005159076,0,-0.0696474634565778,0,-0.1689595872742906,0,-0.4275580395528805,0,-0.7224849527085124,0,0.0,-0.7181857265692175,0,115390332.47142856,0.23920691896141258,0.9338342529401416,0.5172413793103449,2026-08-23
FFUSDT,2025-09,0,329,1132705825.6,4.634599999999999,10.599999999999998,-0.3197032619884286,0,-0.3448337060305966,0,-0.3349306073190643,0,-0.38242288716146655,0,-0.46100876725943274,0,0.0,-0.6728072977673659,0,451271671.2714286,0.2981350537663084,2.459877252782444,0.4482758620689655,2026-08-23
LINEAUSDT,2025-09,0,348,8408997507.0,3.638,7.706,0.005174644243208348,0,0.23242777059077202,0,0.10909874946097453,0,0.20957309184993522,0,-0.23630875377317806,0,0.4195774040534712,-0.008624407072013729,11,5578990316.714286,0.6073640106820247,2.008998036038586,0.4827586206896552,2026-08-23
EDENUSDT,2025-09,0,328,419697561.2,1.6700000000000004,8.340000000000002,-0.03495630461922594,0,-0.09862671660424482,0,-0.17702871410736587,0,-0.5792759051186017,0,-0.6764044943820224,0,0.0,-0.6751560549313358,0,152161394.92857143,0.25630845596472657,0.8542307769921625,0.3448275862068966,2026-08-23
SKYUSDT,2025-09,0,341,486078723.0,0.01720031754432405,0.30140248743053716,0.008454734651404783,0,-0.09716441207075965,0,-0.13033298647242453,0,-0.07947450572320502,0,-0.23478147762747137,0,0.008454734651404783,-0.24557752341311134,1,205819638.42857143,0.32733337928885237,0.5978602715518895,0.41379310344827586,2026-08-23
SOMIUSDT,2025-09,0,356,236978478.9,0.6390000000000002,1.2000000000000002,-0.08440105755542004,0,0.1763270286760219,0,1.3361805979255643,0,1.65324384787472,0,0.6432784218019119,0,2.3652633719747813,-0.08440105755542004,5,201515912.81428573,0.8254145525842235,7.2575704160746595,0.41379310344827586,2026-08-23
0GUSDT,2025-09,0,336,69411652.78,3.8390000000000004,6.26,0.20169456499276706,0,-0.19053523455259358,0,-0.4038024385203556,0,-0.3672246331886755,0,-0.6276090101260592,0,0.20169456499276706,-0.6257491217193636,1,26442313.587142855,0.2777740664973113,2.8723977348199425,0.3103448275862069,2026-08-23
MORPHOUSDT,2025-10,0,325,14454507.24,0.20838709677419343,0.3354838709677418,-0.010144153764014896,0,0.0234917245061399,0,-0.2733582487987186,0,-0.052322477309129756,0,0.10891617725573943,0,0.11852642819006953,-0.2733582487987186,23,8826922.541428572,0.5457807469563614,1.4932644197914333,0.4827586206896552,2026-08-23
WALUSDT,2025-10,0,318,433640335.3,-0.14821428571428585,1.107142857142857,-0.07085953878406703,0,0.04067085953878413,0,-0.13710691823899368,0,0.048218029350104885,0,-0.06792452830188678,0,0.08930817610062891,-0.18574423480083846,16,144356176.42857143,0.2217094262771639,1.1684097937048572,0.41379310344827586,2026-08-23
ASTERUSDT,2025-10,0,322,110671612.53,0.3753333333333335,1.0,-0.008725157537566752,0,-0.18516723218613673,0,-0.29665535627726614,0,-0.4386815317498789,0,-0.4808531265147844,0,0.0,-0.5574406204556471,0,201138508.62285715,1.9536746569019505,2.6942578016047367,0.3793103448275862,2026-08-23
NOMUSDT,2025-10,0,327,921262559.0,-0.22709702357943573,0.27193660610746034,-0.030507626906726704,0,-0.14678669667416855,0,-0.23505876469117282,0,-0.5231307826956739,0,-0.5358839709927481,0,0.0,-0.5448862215553888,0,263992103.85714287,0.16764713434967674,0.47050580825556404,0.3793103448275862,2026-08-23
FUSDT,2025-10,0,303,719154424.0,0.04714285714285693,0.3623809523809523,-0.017735334242837575,0,-0.2683037744429285,0,-0.3265120509322419,0,-0.500682128240109,0,-0.5952705775352433,0,0.0,-0.6075488858572078,0,673296634.1428572,0.9256060269562725,1.5512915506791551,0.3103448275862069,2026-08-23
TURTLEUSDT,2025-10,0,306,313777804.5,0.14266666666666672,2.0366666666666666,0.007001166861143604,0,0.06242707117852975,0,-0.2100350058343058,0,-0.4177362893815636,0,-0.543757292882147,0,0.16861143523920652,-0.5478413068844807,4,188767611.6142857,0.5351958521548859,1.9939166760288156,0.4827586206896552,2026-08-23
ENSOUSDT,2025-10,0,314,55233703.22,0.04499999999999993,0.6766666666666667,-0.25677830940988833,0,-0.3875598086124402,0,-0.4918660287081339,0,-0.46602870813397124,0,-0.696012759170654,0,0.0,-0.6771929824561403,0,16559305.435714286,0.18310509493422059,1.9687544024584336,0.3793103448275862,2026-08-23
2ZUSDT,2025-10,0,326,467974635.0,10.959999999999999,24.599999999999998,-0.12700668896321066,0,-0.1784448160535117,0,-0.39449832775919724,0,-0.5865384615384615,0,-0.6964046822742476,0,0.0,-0.6954013377926421,0,124497788.14285715,0.14370788921070476,1.0794462528523379,0.4482758620689655,2026-08-23
EULUSDT,2025-10,0,315,3541747.07,0.2444736842105264,0.5769736842105263,-0.04958765066610271,0,-0.22023683654049486,0,-0.10308733347430743,0,-0.15722139987312334,0,-0.41076337492070203,0,0.0,-0.40526538380207233,0,2286977.3442857144,0.586673473740367,1.473443653809008,0.41379310344827586,2026-08-23
GIGGLEUSDT,2025-10,0,303,845062.145,2.381331403762663,3.5311143270622294,-0.20248234538840149,0,-0.28067622512304735,0,-0.599700406591055,0,-0.45465439760325277,0,-0.5253584421142734,0,0.112347528354376,-0.7441472287609673,11,616984.0457142856,0.6851224286785047,1.707500976095077,0.2413793103448276,2026-08-23
ZBTUSDT,2025-10,0,311,193651666.9,0.399,1.9623333333333335,-0.18227305218012868,0,-0.24684298308315467,0,-0.3588277340957827,0,-0.5391946628544199,0,-0.688348820586133,0,0.0,-0.6766738146294973,0,128621069.89999999,0.6082190716565768,1.6540771436656987,0.27586206896551724,2026-08-23
YBUSDT,2025-10,0,313,219252066.4,1.234,1.8146666666666667,-0.15801253357206801,0,-0.29573261712921517,0,-0.39809012235153685,0,-0.005371530886302711,0,-0.3585496866606983,0,0.0,-0.44509101760668457,0,89024888.38571429,0.3070454925330029,1.6063027672256651,0.41379310344827586,2026-08-23
BANKUSDT,2025-11,0,284,644748676.8,-0.29480519480519474,0.5246753246753246,-0.08839779005524862,0,0.044198895027624197,0,-0.19337016574585641,0,-0.147329650092081,0,-0.26887661141804786,0,0.044198895027624197,-0.2541436464088398,3,252773674.97142857,0.290724920802195,1.560311366286636,0.4482758620689655,2026-08-23
KITEUSDT,2025-11,0,294,1863769096.5,1.58,3.166666666666667,-0.10981912144702832,0,-0.11111111111111105,0,0.078811369509044,0,0.03875968992248069,0,0.25193798449612403,0,0.4922480620155041,-0.11111111111111105,26,786140176.6142857,0.32543481795698576,3.1504276535094204,0.5862068965517241,2026-08-23
ATUSDT,2025-11,0,270,157059906.4,0.09999999999999987,0.8299999999999998,-0.11090909090909096,0,-0.02772727272727271,0,-0.3818181818181817,0,-0.5131818181818182,0,-0.28181818181818186,0,0.0,-0.6145454545454545,0,249471525.15714288,1.6864486149768052,1.984017392237861,0.41379310344827586,2026-08-23
SAPIENUSDT,2025-11,0,291,766470503.0,2.1463636363636365,4.8172727272727265,-0.2109216989309448,0,-0.2219011846287201,0,-0.4856977752094771,0,-0.6174516035827796,0,-0.5076567466050275,0,0.0,-0.6688818260618319,0,216512373.01428574,0.1628930065731875,2.6057483214305655,0.3103448275862069,2026-08-23
METUSDT,2025-11,0,284,32113317.5,-0.09914346895074944,0.3368308351177731,0.09080104587592097,0,0.032089374851437924,0,-0.2148799619681484,0,-0.16924173995721425,0,-0.38364630377941533,0,0.09080104587592097,-0.38531019729023064,1,92976515.84285715,3.211140743504104,1.5076305529049778,0.3793103448275862,2026-08-23
ALLOUSDT,2025-11,0,286,149063928.0,1.1377272727272727,3.494090909090909,-0.2540931320433766,0,-0.47374016585158407,0,-0.6264086753136295,0,-0.6215181798851797,0,-0.7148628534977675,0,0.0,-0.7057197533489262,0,167533026.65714288,1.1445506103036993,2.475560814267976,0.27586206896551724,2026-08-23
MMTUSDT,2025-11,0,293,722304017.8,25.4,43.754,-0.7162878787878788,0,-0.7867803030303031,0,-0.8236742424242425,0,-0.8817045454545455,0,-0.9062878787878788,0,0.0,-0.9111363636363636,0,288452503.8571428,0.29924230361937215,5.506392665261375,0.2413793103448276,2026-08-23
KGSTUSDT,2025-12,0,243,357543073.0,0.037272727272727346,0.10000000000000003,-0.0008764241893075564,0,-0.0017528483786152238,0,-0.002629272567922891,0,-0.004382120946538115,0,-0.002629272567922891,0,0.002629272567922891,-0.004382120946538115,11,76976658.28571428,0.08450894856706305,0.03188190560479004,0.3448275862068966,2026-08-23
BREVUSDT,2026-01,0,230,163693761.4,3.6880000000000006,5.0,0.23862343572241174,0,0.12258248009101247,0,-0.016496018202502905,0,-0.29721274175199097,0,-0.6419226393629124,0,0.23862343572241174,-0.5884527872582481,1,119977748.41428569,0.6884303059945447,2.118760972039478,0.3103448275862069,2026-08-23
FRAXUSDT,2026-01,0,221,32337685.1,0.15874384236453198,0.938423645320197,-0.1724944202359443,0,0.3034328834095015,0,0.06706344988840485,0,-0.14518014666808365,0,-0.31204166223828245,0,0.3034328834095015,-0.3368051865235413,3,17496349.471428573,0.46455995495278457,4.201476754281627,0.4482758620689655,2026-08-23
FOGOUSDT,2026-01,0,221,3378338516.0,0.3928571428571428,1.7737142857142854,-0.19487179487179485,0,-0.3212307692307692,0,-0.2586666666666667,0,-0.27671794871794875,0,-0.5284102564102564,0,0.0,-0.5809230769230769,0,1320003299.0,0.28917985124140827,2.495240376914171,0.3448275862068966,2026-08-23
ZKPUSDT,2026-01,0,229,239852174.6,1.0678294573643412,1.2916666666666665,-0.24226804123711343,0,-0.2863167760074977,0,-0.35004686035613874,0,-0.44001874414245556,0,-0.6143392689784443,0,0.0,-0.6415182755388942,0,110895391.31428571,0.37274039415776056,2.1011413739394316,0.3793103448275862,2026-08-23
币安人生USDT,2026-01,0,206,291233133.6,0.266900790166813,0.6330114135206321,-0.058212058212058326,0,0.19611919611919615,0,0.8350658350658349,0,0.3132363132363132,0,-0.26819126819126826,0,0.8350658350658349,-0.31739431739431745,7,330943032.88571423,1.1590760476346202,3.589739863175659,0.4827586206896552,2026-07-31
UUSDT,2026-01,0,223,23172779.0,0.0,0.00770000000000004,0.0,0,9.999999999998899e-05,0,-9.999999999998899e-05,0,-9.999999999998899e-05,0,0.0006999999999999229,0,0.0017000000000000348,-9.999999999998899e-05,22,6466942.714285715,0.15892080387365998,0.0013183288542778808,0.3103448275862069,2026-08-23
SENTUSDT,2026-01,0,214,4081388875.0,1.7145454545454548,2.0727272727272728,-0.08338914936369735,0,-0.1198928332217013,0,0.10046885465505695,0,0.04454119223040842,0,-0.2551908908238446,0,0.6071667782987273,-0.30308104487608845,9,2055830675.7142856,0.4209933665044353,2.6402590265275463,0.3103448275862069,2026-08-23
RLUSDUSDT,2026-01,0,214,3751784.0,0.0007999999999999119,0.0038000000000000256,9.992006394887731e-05,0,0.0,0,0.0005995203836932639,0,0.0007993605115907965,0,-0.0004996003197441645,0,0.000999200639488551,-0.0004996003197441645,13,2271996.714285714,0.5398406464764496,0.005771634079309776,0.27586206896551724,2026-08-23
ESPUSDT,2026-02,0,193,480617937.0,1.6017985611510794,2.196402877697842,-0.14572100096778662,0,-0.2615788746025163,0,0.0019355730678833893,0,0.9169086133001518,0,0.36623807548734955,0,1.4898382413936124,-0.2615788746025163,12,264928695.2857143,0.4764293437790137,4.3329385617859675,0.3793103448275862,2026-08-23
ZAMAUSDT,2026-02,0,203,1839464964.0,0.41559999999999975,0.9551999999999999,-0.2164453235377224,0,-0.20627295846284255,0,-0.2051426956767448,0,-0.35518508053122344,0,-0.45210511443910706,0,0.0,-0.48742582650466226,0,2126117310.857143,1.1818070713740434,1.761750720280383,0.41379310344827586,2026-08-23
CFGUSDT,2026-03,0,161,142559141.5,0.8599999999999999,2.4799999999999995,-0.14086021505376345,0,-0.23333333333333328,0,-0.2913978494623656,0,-0.09193548387096773,0,0.08602150537634423,0,0.13010752688172045,-0.2913978494623656,28,56119282.10000001,0.2925988360182898,1.4714756399992137,0.5517241379310345,2026-08-23
NIGHTUSDT,2026-03,0,166,482718345.0,0.1365566037735848,0.24999999999999997,0.01992114546586432,0,0.03465449263332654,0,-0.018468561942311612,0,-0.0697240091305249,0,-0.15418136542851213,0,0.0776094625440964,-0.15584146088400075,5,1512036207.142857,3.4877257133591364,0.5991966993237294,0.4482758620689655,2026-08-23
OPNUSDT,2026-03,0,172,298741715.6,2.675,5.0,-0.134421768707483,0,-0.1602721088435375,0,-0.13632653061224487,0,-0.21278911564625846,0,-0.48244897959183675,0,0.0,-0.5317006802721088,0,134838083.95714286,0.3599122800802,1.1821812194237074,0.3448275862068966,2026-08-23
ROBOUSDT,2026-03,0,173,434450237.0,0.20028735632183925,0.40517241379310354,-0.028489346420876305,0,-0.04022025377064886,0,-0.02585587742398865,0,-0.3603064400287288,0,-0.5582954273401963,0,0.0553028489346421,-0.5365094565477616,5,611097950.0,1.474367328979038,0.7256845112911324,0.2413793103448276,2026-08-23
MANTRAUSDT,2026-03,0,173,3403922435.0,0.4369396294082488,0.757919904363419,-0.1094009983361065,0,-0.26788685524126443,0,-0.30074875207986695,0,-0.4217970049916805,0,-0.5524126455906821,0,0.0,-0.564891846921797,0,1025869130.7142857,0.1849416152554996,1.1658601830980133,0.3103448275862069,2026-08-23
XAUTUSDT,2026-03,0,151,2619.7387,-0.0019501698754246233,0.03223103057757649,0.020002768706355756,0,0.009334171510011702,0,0.055351432805539114,0,0.07523165221417072,0,0.06393215307768951,0,0.09269492713990357,0.0,22,6688.023671428572,2.8117579690931267,0.36899951579849366,0.4827586206896552,2026-08-23
KATUSDT,2026-03,0,159,1985037388.0,1.274,2.622,-0.12137203166226906,0,-0.13016710642040463,0,-0.0008795074758135568,0,-0.1108179419525066,0,-0.14335971855760765,0,0.15127528583992955,-0.306948109058927,8,1161432071.2857144,0.5159421805812355,2.112785389882051,0.41379310344827586,2026-08-23
MEGAUSDT,2026-04,0,116,477844974.6,2.1433962264150943,5.981132075471699,-0.04183673469387761,0,-0.25258103241296515,0,-0.2752701080432173,0,-0.3673469387755103,0,-0.6211284513805522,0,0.0,-0.6295918367346939,0,201626189.05714282,0.3256071175180671,1.0739595142364808,0.27586206896551724,2026-08-23
CHIPUSDT,2026-04,0,125,686658125.0,4.109999999999999,4.7491666666666665,0.8401826484018264,0,0.38242009132420085,0,0.12426614481409004,0,-0.07371167645140242,0,-0.21624266144814097,0,0.8401826484018264,-0.23401826484018273,1,2047892446.5714285,3.312805529680436,6.757430908514315,0.3103448275862069,2026-08-23
AIGENSYNUSDT,2026-05,0,102,469152435.0,0.5933758978451718,1.119313647246608,-0.07012271475081389,0,-0.1447533183070373,0,-0.22464312546957177,0,-0.2709742048585023,0,-0.3100425745053844,0,0.0,-0.4397695967943902,0,376787270.71428573,0.7703105637012556,1.1331301864122316,0.41379310344827586,2026-08-23
OPGUSDT,2026-05,0,94,37313204.0,-0.05217391304347829,0.2704347826086957,0.008715596330275188,0,-0.03302752293577982,0,-0.1944954128440367,0,-0.2743119266055045,0,-0.26788990825688075,0,0.3963302752293578,-0.32706422018348624,23,253459484.65714285,7.758215155328571,0.9470087392589603,0.4482758620689655,2026-08-23
GENIUSUSDT,2026-05,0,94,55956393.5,0.443982443982444,0.6167706167706166,0.055991041433370636,0,0.017757158854583288,0,-0.2737162054071348,0,-0.31179011358182684,0,-0.341545352743561,0,0.15949448088305873,-0.3714605663093904,2,54747273.68571428,0.9747903734479719,2.675892643604619,0.4482758620689655,2026-08-23
SPCXBUSDT,2026-06,0,73,75113.064,0.05018750000000005,0.20962499999999995,-0.005475212759626147,0,0.18669285246682144,0,0.0686782122240075,0,-0.09010295780515398,0,-0.13360709397131454,0,0.22460274950901638,-0.1328334226031066,4,144098.52485714288,2.071491873459811,1.5905591123429588,0.4482758620689655,2026-08-23
MUBUSDT,2026-06,0,74,1963.656,0.1094666666666666,0.1111111111111111,-0.009383888154468667,0,0.03634378880743494,0,0.1546689099867804,0,0.19085246164323189,0,-0.02112125946400678,0,0.23183311300725085,-0.0824720586467973,11,1260.4861428571428,0.582225790396417,0.7330743509647317,0.4827586206896552,2026-08-23
TSLABUSDT,2026-06,0,74,1036.869,0.05081578947368426,0.054210526315789535,0.015626956499962485,0,0.028449074653777773,0,-0.0030552703413389004,0,-0.061205579624852846,0,0.020660639603315767,0,0.06185670281235134,-0.061205579624852846,20,6299.073857142857,6.92093986800647,0.21514926653800517,0.6551724137931034,2026-08-23
MSFTBUSDT,2026-06,0,55,547.406,0.022709390346474123,0.027511734541606866,0.01931341858120672,0,0.035575953732689625,0,0.03114554040430839,0,0.026529421128030917,0,0.1893404785907571,0,0.12633310341168347,0.0,29,344.149,0.5668056859686109,0.2384096515334556,0.6206896551724138,2026-08-23
MSTRBUSDT,2026-06,0,62,8159.554,-0.018362375866591618,0.03991006183249008,-0.07453712540561175,0,-0.21082267608322203,0,-0.17417446077495702,0,-0.08847108226760825,0,-0.10078259209772855,0,0.028535980148883366,-0.21082267608322203,11,6558.359714285715,0.7710585652107945,1.6066266283619794,0.4827586206896552,2026-08-23
INTCBUSDT,2026-06,0,62,8322.729,0.02140107775211697,0.07436489607390297,0.04733192643955375,0,-0.037081700331624945,0,0.051854085016581175,0,-0.18186614410612,0,-0.21216460657220382,0,0.051854085016581175,-0.3000452215857703,7,4679.460142857142,0.48929247445959934,0.7616911498593874,0.5172413793103449,2026-08-23
SNDKBUSDT,2026-06,0,74,113.4477,0.12735882352941186,0.14705882352941177,0.042113007498004285,0,0.07604447667896341,0,0.15429609028911928,0,0.2097980182727981,0,0.013493276841759272,0,0.2097980182727981,-0.17423858993691665,14,394.6001142857143,3.891298369204488,0.8281376307641789,0.6206896551724138,2026-08-23
QQQBUSDT,2026-06,0,55,343.058,0.015219312783117944,0.02321566677715162,-0.013739627261597054,0,-0.0191810638008435,0,-0.03847095633247177,0,-0.017535029247721434,0,-0.06367841110053063,0,0.0,-0.09264045708066937,0,209.74699999999999,0.5466378863049397,0.20223735864059328,0.4482758620689655,2026-08-23
NVDABUSDT,2026-06,0,74,2964.633,0.02805000000000013,0.0410499999999999,0.0022858810369146276,0,0.030835076114974935,0,0.024950148339088596,0,-0.05169982004766316,0,0.014055736588687306,0,0.030835076114974935,-0.060259714994406965,3,2971.046142857143,1.0025237525184398,0.30186603224086167,0.5517241379310345,2026-08-23
LITEBUSDT,2026-06,0,55,596.96,0.008069062720225562,0.05189100305379383,-0.06905752269099463,0,-0.11954280121640048,0,-0.19626690901464572,0,-0.04608107005953832,0,-0.16694047327763983,0,0.0,-0.30373891665792807,0,207.65200000000004,0.23915728580362727,0.8745751421434361,0.41379310344827586,2026-08-23
CRCLBUSDT,2026-06,0,74,3208.67,0.047250000000000014,0.051999999999999956,-0.061947958940081094,0,-0.02220100262592506,0,-0.04655048937693962,0,-0.17175936977799,0,-0.20720935784196703,0,0.0,-0.2541179279064215,0,11034.547142857142,3.8454749163983832,0.6742123800980014,0.5517241379310345,2026-08-23
AMDBUSDT,2026-06,0,62,1201.535,0.003373263057019571,0.04007666506947777,0.02880556245343935,0,-0.0100093598976142,0,0.10643540715554622,0,-0.020056923458959708,0,0.04723883020381647,0,0.10643540715554622,-0.061679815094267454,7,491.5534285714286,0.3106219682877874,0.6064079288473279,0.5862068965517241,2026-08-23
EWYBUSDT,2026-06,0,62,1810.399,0.0032626427406199365,0.06183727569331156,0.07657520325203238,0,0.0008638211382112626,0,0.020579268292682862,0,-0.08892276422764223,0,-0.12317073170731707,0,0.07657520325203238,-0.17713414634146352,1,1274.149857142857,0.6544275598914936,0.7216010060937119,0.4827586206896552,2026-08-23
REUSDT,2026-06,0,67,111953822.5,7.718,11.761999999999999,1.039917412250516,0,1.089011241110346,0,0.3434273916035788,0,0.5794907088781831,0,-0.09176416609314075,0,1.3051158522596924,0.0,2,100218074.8714286,0.87770220559761,8.170354243584594,0.3793103448275862,2026-08-23
METABUSDT,2026-06,0,55,302.781,0.004941343761108996,0.04097049413437623,0.08367823410803354,0,0.04389967809261042,0,0.09190279104319221,0,0.17149527751246962,0,-0.03937174997346915,0,0.20301390215430315,-0.04112278467579322,15,229.77057142857146,0.7186784067252128,0.7312160781619466,0.5517241379310345,2026-08-23
PLTRBUSDT,2026-06,0,55,1731.695,0.019706136560069254,0.04770959377700947,0.06289201559586366,0,0.10484827936938457,0,0.1361247669096457,0,0.1334972029157484,0,0.046363790472961464,0,0.14002373283607383,0.0,20,1370.8975714285714,0.7569258250827465,0.43230016530636023,0.5517241379310345,2026-08-23
GRAMUSDT,2026-07,0,53,8287831.06,0.04249999999999998,0.15125,0.013788968824940184,0,0.06594724220623505,0,-0.03956834532374087,0,-0.09052757793764987,0,-0.16546762589928055,0,0.06714628297362113,-0.1576738609112709,4,21297641.0,2.831373188809506,0.8053576642224993,0.41379310344827586,2026-08-23
DRAMBUSDT,2026-07,0,48,6996.07,-0.020238885202388812,0.0497677504976775,0.06688113782593974,0,0.06857433118862177,0,0.05502878428716551,0,0.01574669827294284,0,-0.12614290551981044,0,0.10650186251269878,-0.239925499492042,2,43741.06428571429,7.127605927327772,1.3058081631630467,0.4482758620689655,2026-08-23
TQQQBUSDT,2026-07,0,33,1590.75,-0.022418383074120918,0.031385736303769216,-0.035832019492618605,0,-0.0666475562562705,0,-0.15708757345563984,0,0.04199512684534912,0,0.021212555539630307,0,0.11107926042711758,-0.15708757345563984,25,2316.714285714286,1.5324270522290324,0.6679865492605561,0.4827586206896552,2026-08-23
AAPLBUSDT,2026-07,0,26,229.096,0.0025288167490002955,0.02143613267466468,-0.08244852466709685,0,-0.09770047515691915,0,-0.083211122191588,0,-0.1142723059775913,0,-0.09148237226491462,1,0.0,-0.1142723059775913,0,3489.386714285714,17.602963386527918,0.663911237374118,0.48,2026-08-23
AAOIBUSDT,2026-07,0,40,3997.661,-0.1362295735352731,0.15894778796333198,-0.09551495016611289,0,-0.08591731266149871,0,0.04817275747508298,0,-0.2951273532668882,0,0.39544112218530825,0,0.2710409745293465,-0.2951273532668882,28,3020.1005714285716,0.7147113858161892,1.9007117797117772,0.4827586206896552,2026-08-23
TSMBUSDT,2026-07,0,40,261.552,0.007968790884654853,0.04315040795451839,-0.038679378864397984,0,-0.0558833246802285,0,-0.0021711426818332713,0,-0.11533015528390056,0,0.004224288478783977,0,0.020602256100439087,-0.11533015528390056,29,1024.7054285714285,4.404086631593971,0.5334038587406462,0.5172413793103449,2026-08-23
GLWBUSDT,2026-07,0,48,675.778,-0.05605749486652989,0.08141683778234093,0.019686752229715054,0,0.04018925386121386,0,0.024581248640417774,0,-0.10773330432891015,0,-0.12480965847291703,0,0.06346530345877754,-0.3268435936480313,2,1362.4737142857143,2.185515065598466,0.6171881296835771,0.4482758620689655,2026-08-23
GOOGLBUSDT,2026-07,0,48,910.772,2.728810784269342e-05,0.02218523167603557,-0.00914126667940085,0,-0.02311239664911191,0,-0.018719131170355063,0,-0.04715256364777476,0,-0.019837913062460855,0,0.035664583731274124,-0.12871449231860732,28,438.3627142857143,0.3948604407396508,0.21906574691287747,0.5517241379310345,2026-08-23
AEROUSDT,2026-07,0,38,9902542.8,-0.006350550381033049,0.10795935647756137,-0.038346825734980716,0,-0.07925010651896036,0,-0.11674478057094151,0,-0.11354921175969312,0,-0.13506604175543235,0,0.0,-0.14870046868342557,0,107863109.75714286,12.541210214882046,0.6629723693861025,0.3793103448275862,2026-08-23
SPYBUSDT,2026-07,0,48,142.68,-0.004565541475881063,0.009809924395698015,-0.003142341378618685,0,0.012087985558601355,0,0.007033496021929597,0,0.001912148158053073,0,0.029417663970047414,0,0.03449889683760099,-0.019174968242294588,28,89.241,0.5630396691897953,0.1187197782132955,0.5172413793103449,2026-08-23
AVGOBUSDT,2026-07,0,40,104.301,0.01513710775873145,0.03418056590681301,-0.04734177215189872,0,-0.06498734177215193,0,0.00754430379746851,0,-0.05643037974683551,0,-0.002455696202531721,0,0.0849620253164558,-0.06498734177215193,24,209.40514285714283,2.17565028139711,0.5127374991673285,0.4827586206896552,2026-08-23
AMZNBUSDT,2026-07,0,26,190.282,-0.001949233301568154,0.033050333535476026,0.12004687296558303,0,0.16878607699318615,0,0.18588602925220266,0,0.16310055987153338,0,0.12430016058330806,1,0.21578924525845222,0.0,5,629.0894285714286,3.690438401950789,0.9046538661628887,0.44,2026-08-23
PYPLBUSDT,2026-07,0,26,359.55,0.0003429355281208135,0.028978052126200235,-0.014912581419266435,0,-0.007199177236887233,0,0.016283853273911575,0,0.01234144669180659,0,0.06822077476859789,1,0.09376071306136446,-0.021254713747000387,17,440.92142857142863,1.2640337458860613,0.2258605229935171,0.64,2026-08-23
BEBUSDT,2026-07,0,26,1265.941,-0.07511111111111113,0.1510555555555557,0.3138515136953388,0,0.23480297933685734,0,0.4006487265737628,0,0.43644882268140317,0,0.19834214320038446,1,0.43644882268140317,0.0,14,1890.6394285714284,1.5757099527808431,2.329102970684665,0.56,2026-08-23
ORCLBUSDT,2026-07,0,33,558.598,-0.006060606060605989,0.03494687131050777,-0.027241051631295532,0,-0.07808045612923664,0,-0.06263858093126384,0,0.12899904973075693,0,0.16257522964840043,0,0.23606271777003496,-0.089325308837504,22,869.9962857142856,1.6503746880583172,0.560604448178257,0.6551724137931034,2026-08-23
NOKBUSDT,2026-07,0,40,14789.85,-0.04017094017094003,0.10854700854700867,-0.08726625111308994,0,-0.09171861086375788,0,-0.024933214603740095,0,-0.2528940338379341,0,-0.03650934995547639,0,0.0,-0.2528940338379341,0,20533.29,1.4530593616568122,1.0259857630075673,0.41379310344827586,2026-08-23
CBRSBUSDT,2026-07,0,48,2385.485,-0.08187073589917193,0.1496797041820739,0.04152249134948116,0,0.21249078223381934,0,0.15610641556526184,0,0.17573316694083618,0,0.20426569856486476,0,0.2666061603040444,-0.043394406943105146,28,1101.041,0.37181830948423483,0.9101143018483556,0.5517241379310345,2026-08-23
QCOMBUSDT,2026-07,0,48,2811.409,-0.017052767052766926,0.03919991419991421,0.027768685215493694,0,0.029569012547735918,0,-0.02302236770321875,0,-0.055919258046917664,0,-0.1212220403709765,0,0.04244408074195305,-0.19645390070921998,2,957.0282857142856,0.2304769008469893,0.34858313895160875,0.41379310344827586,2026-08-23
COINBUSDT,2026-07,0,48,1231.226,-0.03286551785397063,0.07810741990880574,-0.015858437423463156,0,-0.022593681116825803,0,-0.003367621846681268,0,0.08443546411952019,0,-0.10268185157972065,0,0.08443546411952019,-0.11082537349987753,14,968.7204285714286,0.7512589077878472,0.36282681204546957,0.4827586206896552,2026-08-23
WDCBUSDT,2026-07,0,48,444.489,-0.032158671586715815,0.11725092250922511,0.057361267323712495,0,0.11272089520940964,0,0.08391635053472357,0,0.06736946451379211,0,-0.128886516575481,0,0.12379663343309755,-0.12982061497988828,2,464.82757142857133,1.0533833983143188,0.7861613695935804,0.4827586206896552,2026-08-23
DELLBUSDT,2026-07,0,26,88.13,-0.054475899005355766,0.07936750828870187,0.07312402222581871,0,0.09151966337595074,0,0.26301451151750554,0,0.30037222851594114,0,0.18711226196256137,1,0.3419107730484976,0.0,15,112.17728571428572,1.318338439426605,0.5838577080638406,0.6,2026-08-23
MRVLBUSDT,2026-07,0,40,530.014,-0.07678475094407478,0.10362344901996048,-0.09349435138293738,0,-0.1034281262173744,0,0.04635761589403975,0,-0.20198675496688745,0,0.07883716400467478,0,0.09378652123100895,-0.20198675496688745,29,3215.1215714285713,6.910458025637058,1.028331954781412,0.6206896551724138,2026-08-23
NBISBUSDT,2026-07,0,48,705.91,-0.10393390291991367,0.10393390291991368,0.13626362112321866,0,0.14721290863369663,0,0.040287091366303374,0,0.147684409052808,0,0.02294635373009224,0,0.18545683151718362,-0.2102367979882649,15,833.976,1.2116563490152195,1.198281215647979,0.4827586206896552,2026-08-23
MVLLBUSDT,2026-07,0,33,3003.9,0.16166666666666663,0.16875000000000004,-0.04949784791965561,0,-0.18256814921090392,0,-0.43615494978479197,0,-0.09899569583931123,0,0.09469153515064566,0,0.208393113342898,-0.43615494978479197,29,9441.485714285713,3.500255223764661,1.6359382397137239,0.5517241379310345,2026-08-23
MUUBUSDT,2026-07,0,33,36497.18,0.08848484848484861,0.09939393939393942,0.008908685968819663,0,-0.11024498886414258,0,-0.4579621380846326,0,-0.2597438752783965,0,-0.1277839643652562,0,0.008908685968819663,-0.4579621380846326,1,21694.195714285714,0.5268086922514744,2.0885391282868464,0.5862068965517241,2026-08-23
CRWVBUSDT,2026-07,0,33,1094.58,0.06685096757979392,0.10593113847700436,-0.04758539458186106,0,-0.14181389870435812,0,-0.2686690223792697,0,0.05359246171967014,0,0.03215547703180199,0,0.25712603062426376,-0.2686690223792697,22,1052.87,0.9555430697923709,0.8545755159025292,0.4827586206896552,2026-08-23
AMATBUSDT,2026-07,0,26,113.037,-0.058263023128909075,0.08221046887461689,0.15794517494985527,0,0.1406730554936484,0,0.19186538890127025,0,0.23093380878092273,0,0.08794294628928023,1,0.23093380878092273,0.0,14,80.92028571428571,0.6685200421101056,1.187583503396793,0.52,2026-08-23
QNTBUSDT,2026-07,0,33,147.39,-0.0643564356435643,0.11232502560600885,0.040868454661558085,0,-0.02663747491333701,0,-0.12278781244298498,0,0.03192848020434225,0,0.03776683087027921,0,0.30213464696223324,-0.12278781244298498,21,835.852857142857,6.4495329850509995,0.8835496124208919,0.5172413793103449,2026-08-23
BABABUSDT,2026-07,0,40,598.942,0.05493233618233617,0.08413461538461542,-0.01012743691450746,0,-0.023630686133850887,0,-0.01730103806228367,0,-0.03384251835597929,0,0.04734576757532283,0,0.11680310574732067,-0.05283146257068094,26,2615.688857142857,4.928379264324982,0.36723859462945635,0.4827586206896552,2026-08-23
ARMBUSDT,2026-07,0,40,274.026,-0.02628303161788259,0.12006970871714617,-0.05752794214332679,0,-0.02830740010227195,0,0.03137555701658279,0,-0.2267514062385857,0,0.019723865877712132,0,0.06614800204543791,-0.2267514062385857,6,376.01114285714283,1.434202107342612,0.8682651289029344,0.5517241379310345,2026-08-23
SOXSBUSDT,2026-07,0,26,18860.24,0.15524097343725152,0.2500397645936057,-0.31570976180641597,0,-0.24466473908853092,0,-0.3780806829133966,0,-0.4385240258846206,0,-0.35095690486025055,1,0.0,-0.4755610629216577,0,33643.83428571429,1.9144913673774389,2.7549916779908927,0.52,2026-08-23
SOXLBUSDT,2026-07,0,48,3860.072,-0.0897772701313535,0.13952027412906914,0.11921194629188103,0,0.21953821056594314,0,0.13339189358765213,0,0.0012548625925461465,0,-0.14738361149454138,0,0.23309072656544116,-0.42056719789183084,4,10176.243142857144,2.908997120606386,1.8141547205130393,0.4482758620689655,2026-08-23
GSBUSDT,2026-07,0,26,32.5861,-0.048551299669034376,0.06369636324926942,0.04178321144868136,0,0.03396157327827343,0,0.0872585615915864,0,0.05557533285189753,0,0.05666364921631062,1,0.0872585615915864,0.0,7,15.86942857142857,0.4014999237916371,0.3341617828164269,0.52,2026-08-23
SNXXBUSDT,2026-07,0,33,39058.85,0.038159371492704874,0.1632996632996633,-0.007567567567567601,0,-0.2156756756756757,0,-0.6356756756756756,0,-0.4816216216216216,0,-0.19405405405405407,0,0.0502702702702702,-0.6356756756756756,26,227764.57857142857,6.636537771422695,2.714639566566291,0.5862068965517241,2026-08-23
SMHBUSDT,2026-07,0,26,192.153,-0.04560045317220551,0.062348942598187275,0.08841626273617575,0,0.0734197249975268,0,0.13352458205559414,0,0.161242457216342,0,0.10416460579681486,1,0.17732713423681878,0.0,19,123.85800000000002,0.5853434502713984,0.6938467969428596,0.56,2026-08-23
RKLBBUSDT,2026-07,0,40,2127.5,-0.04199974622509839,0.08831366577845443,-0.12013245033112574,0,-0.09139072847682128,0,-0.08079470198675487,0,-0.21986754966887423,0,0.06370860927152311,0,0.12715231788079473,-0.21986754966887423,25,2422.9500000000003,1.1620172346259305,1.3978922595884236,0.5517241379310345,2026-08-23
SKHYBUSDT,2026-07,0,42,16186.046,0.0,0.08235294117647055,0.2164705882352942,0,0.0007189542483660993,0,0.004901960784313708,0,-0.06967320261437904,0,0.012026143790849764,0,0.2164705882352942,-0.17712418300653587,1,42503.944,2.8969558305551173,1.9763256861742895,0.5172413793103449,2026-08-23
IBMBUSDT,2026-07,0,40,1293.499,-0.0216980697470861,0.06233012392315843,0.017799962328121977,0,-0.00857035223205882,0,-0.0323036353362216,0,0.064983989451874,0,0.10595215671501235,0,0.12483518553399886,-0.0323036353362216,27,1731.1825714285715,1.3947670878240594,0.3780864469798159,0.5862068965517241,2026-08-23
INTWBUSDT,2026-07,0,33,2778.25,0.049599999999999866,0.12040000000000006,0.01981707317073189,0,-0.19664634146341464,0,-0.39710365853658536,0,-0.08307926829268297,0,-0.28810975609756095,0,0.01981707317073189,-0.39710365853658536,1,20741.781428571423,8.543400821860281,2.074646815425369,0.4827586206896552,2026-08-23
FLNCBUSDT,2026-07,0,26,4624.3,-0.04278922345483349,0.10776545166402532,0.14900662251655628,0,0.1556291390728477,0,-0.10347682119205293,0,0.10430463576158933,0,-0.053807947019867575,1,0.3153973509933776,-0.10347682119205293,6,9066.781428571428,2.120795579871548,2.840587422014324,0.48,2026-08-23
KORUBUSDT,2026-07,0,33,102930.32,0.1378947368421053,0.16736842105263156,0.0046253469010175685,0,-0.1313598519888991,0,-0.4315448658649399,0,-0.17067530064754866,0,-0.057354301572618005,0,0.0906567992599443,-0.4315448658649399,26,246430.75999999998,2.6265098563766243,2.235592074068758,0.6551724137931034,2026-08-23
AXTIBUSDT,2026-07,0,33,3223.23,-0.057511944788533054,0.11272341178552477,0.0015020653398423178,0,-0.12410814870446862,0,-0.2880210289147578,0,0.2878332707472777,0,0.30435598948554254,0,0.7876455125797972,-0.2880210289147578,26,2387.624285714286,0.6975476980130698,1.1533378542697534,0.5862068965517241,2026-08-23
HOODBUSDT,2026-07,0,40,919.02,0.019744380784486593,0.054737769942706106,-0.09266142276774136,0,-0.13959719941222226,0,-0.10571354481804829,0,-0.231221367447489,0,-0.17356729190076925,0,0.0,-0.2563747947100008,0,1285.2434285714285,1.464908997265203,1.003738749174765,0.41379310344827586,2026-08-23
